date,tranche,action,reason,cash,spot,message
2026-02-02,A,OPEN,NEW_ENTRY,1350.00,600.66,"Sell 3x 665C 2026-03-06 (32 DTE, delta 0.16), credit 4.50 start / 4.50 floor. Spot 600.66."
2026-02-02,B,OPEN,NEW_ENTRY,1080.00,600.66,"Sell 3x 695C 2026-03-20 (46 DTE, delta 0.11), credit 3.60 start / 3.60 floor. Spot 600.66."
2026-02-09,A,CLOSE,PROFIT_TARGET,-459.00,586.09,Profit target hit. 665C 2026-03-06 | spot 586.09 | DTE 25 | profit 66%
2026-02-09,B,CLOSE,PROFIT_TARGET,-441.00,586.09,Profit target hit. 695C 2026-03-20 | spot 586.09 | DTE 39 | profit 59%
2026-02-10,A,OPEN,NEW_ENTRY,1305.00,596.80,"Sell 3x 660C 2026-03-13 (31 DTE, delta 0.16), credit 4.35 start / 4.35 floor. Spot 596.80."
2026-02-10,B,OPEN,NEW_ENTRY,1050.00,596.80,"Sell 3x 690C 2026-03-27 (45 DTE, delta 0.11), credit 3.50 start / 3.50 floor. Spot 596.80."
2026-02-17,A,CLOSE,PROFIT_TARGET,-549.00,587.40,Profit target hit. 660C 2026-03-13 | spot 587.40 | DTE 24 | profit 58%
2026-02-17,B,CLOSE,PROFIT_TARGET,-513.00,587.40,Profit target hit. 690C 2026-03-27 | spot 587.40 | DTE 38 | profit 51%
2026-02-18,A,OPEN,NEW_ENTRY,1125.00,585.53,"Sell 3x 650C 2026-03-20 (30 DTE, delta 0.14), credit 3.75 start / 3.75 floor. Spot 585.53."
2026-02-18,B,OPEN,NEW_ENTRY,990.00,585.53,"Sell 3x 675C 2026-04-02 (43 DTE, delta 0.11), credit 3.30 start / 3.30 floor. Spot 585.53."
2026-02-20,A,CLOSE,PROFIT_TARGET,-354.00,562.65,Profit target hit. 650C 2026-03-20 | spot 562.65 | DTE 28 | profit 69%
2026-02-20,B,CLOSE,PROFIT_TARGET,-369.00,562.65,Profit target hit. 675C 2026-04-02 | spot 562.65 | DTE 41 | profit 63%
2026-02-23,A,OPEN,NEW_ENTRY,1110.00,560.95,"Sell 3x 625C 2026-03-27 (32 DTE, delta 0.14), credit 3.70 start / 3.70 floor. Spot 560.95."
2026-02-23,B,OPEN,NEW_ENTRY,975.00,560.95,"Sell 3x 650C 2026-04-10 (46 DTE, delta 0.11), credit 3.25 start / 3.25 floor. Spot 560.95."
2026-03-02,A,CLOSE,PROFIT_TARGET,-540.00,555.30,Profit target hit. 625C 2026-03-27 | spot 555.30 | DTE 25 | profit 51%
2026-03-03,A,OPEN,NEW_ENTRY,1035.00,540.30,"Sell 3x 600C 2026-04-02 (30 DTE, delta 0.14), credit 3.45 start / 3.45 floor. Spot 540.30."
2026-03-03,B,CLOSE,PROFIT_TARGET,-267.00,540.30,Profit target hit. 650C 2026-04-10 | spot 540.30 | DTE 38 | profit 73%
2026-03-06,A,CLOSE,PROFIT_TARGET,-276.00,518.00,Profit target hit. 600C 2026-04-02 | spot 518.00 | DTE 27 | profit 73%
2026-03-09,A,OPEN,NEW_ENTRY,1200.00,532.77,"Sell 3x 590C 2026-04-10 (32 DTE, delta 0.16), credit 4.00 start / 4.00 floor. Spot 532.77."
2026-03-16,A,CLOSE,PROFIT_TARGET,-351.00,517.33,Profit target hit. 590C 2026-04-10 | spot 517.33 | DTE 25 | profit 71%
2026-05-04,A,OPEN,NEW_ENTRY,1005.00,451.25,"Sell 3x 500C 2026-06-05 (32 DTE, delta 0.16), credit 3.35 start / 3.35 floor. Spot 451.25."
2026-05-04,B,OPEN,NEW_ENTRY,834.00,451.25,"Sell 3x 520C 2026-06-18 (45 DTE, delta 0.12), credit 2.79 start / 2.78 floor. Spot 451.25."
2026-05-11,A,CLOSE,PROFIT_TARGET,-375.00,441.93,Profit target hit. 500C 2026-06-05 | spot 441.93 | DTE 25 | profit 63%
2026-05-11,B,CLOSE,PROFIT_TARGET,-372.00,441.93,Profit target hit. 520C 2026-06-18 | spot 441.93 | DTE 38 | profit 56%
2026-05-12,B,OPEN,NEW_ENTRY,852.00,439.36,"Sell 3x 505C 2026-06-26 (45 DTE, delta 0.12), credit 2.85 start / 2.84 floor. Spot 439.36."
2026-05-14,A,OPEN,NEW_ENTRY,804.00,437.32,"Sell 3x 485C 2026-06-12 (29 DTE, delta 0.14), credit 2.69 start / 2.68 floor. Spot 437.32."
2026-05-22,A,CLOSE,TIME_STOP_ROLL,-1665.00,460.25,21 DTE with < 40% profit. 485C 2026-06-12 | spot 460.25 | DTE 21 | profit -107% No credit roll available: closing.
2026-05-26,A,OPEN,NEW_ENTRY,915.00,471.94,"Sell 3x 525C 2026-06-26 (31 DTE, delta 0.14), credit 3.05 start / 3.05 floor. Spot 471.94."
2026-06-04,B,ROLL,PROXIMITY,150.00,500.03,"Spot within 2% of strike. 505C 2026-06-26 | spot 500.03 | DTE 22 | profit -390% -> roll to 515C 2026-07-10 (36 DTE, delta 0.42), net credit 0.52 start / 0.43 floor."
2026-06-05,A,CLOSE,TIME_STOP_ROLL,-2715.00,507.84,21 DTE with < 40% profit. 525C 2026-06-26 | spot 507.84 | DTE 21 | profit -196% No credit roll available: closing.
2026-06-05,B,CLOSE,PROXIMITY,-5310.00,507.84,Spot within 2% of strike. 515C 2026-07-10 | spot 507.84 | DTE 35 | profit -23% No credit roll available: closing.
2026-06-08,A,OPEN,NEW_ENTRY,1110.00,518.12,"Sell 3x 575C 2026-07-10 (32 DTE, delta 0.15), credit 3.70 start / 3.70 floor. Spot 518.12."
2026-06-22,A,CLOSE,TIME_STOP_ROLL,-1050.00,536.36,21 DTE with < 40% profit. 575C 2026-07-10 | spot 536.36 | DTE 18 | profit 5% No credit roll available: closing.
2026-08-03,A,OPEN,NEW_ENTRY,1035.00,529.39,"Sell 3x 590C 2026-09-04 (32 DTE, delta 0.14), credit 3.45 start / 3.45 floor. Spot 529.39."
2026-08-03,B,OPEN,NEW_ENTRY,1020.00,529.39,"Sell 3x 610C 2026-09-18 (46 DTE, delta 0.12), credit 3.40 start / 3.40 floor. Spot 529.39."
2026-08-14,A,ROLL,TIME_STOP_ROLL,612.00,535.32,"21 DTE with < 40% profit. 590C 2026-09-04 | spot 535.32 | DTE 21 | profit 37% -> roll to 605C 2026-09-25 (42 DTE, delta 0.15), net credit 2.03 start / 2.01 floor."
2026-08-19,B,CLOSE,PROFIT_TARGET,-417.00,529.25,Profit target hit. 610C 2026-09-18 | spot 529.25 | DTE 30 | profit 59%
2026-08-20,B,OPEN,NEW_ENTRY,858.00,528.22,"Sell 3x 610C 2026-10-02 (43 DTE, delta 0.11), credit 2.87 start / 2.86 floor. Spot 528.22."
2026-09-01,A,CLOSE,PROFIT_TARGET,-516.00,538.95,Profit target hit. 605C 2026-09-25 | spot 538.95 | DTE 24 | profit 59%
2026-09-02,A,OPEN,NEW_ENTRY,1095.00,537.59,"Sell 3x 595C 2026-10-02 (30 DTE, delta 0.15), credit 3.65 start / 3.65 floor. Spot 537.59."
2026-09-04,B,CLOSE,PROFIT_TARGET,-285.00,525.27,Profit target hit. 610C 2026-10-02 | spot 525.27 | DTE 28 | profit 67%
2026-09-08,A,CLOSE,PROFIT_TARGET,-480.00,529.01,Profit target hit. 595C 2026-10-02 | spot 529.01 | DTE 24 | profit 56%
2026-09-10,A,OPEN,NEW_ENTRY,1125.00,530.77,"Sell 3x 585C 2026-10-09 (29 DTE, delta 0.16), credit 3.75 start / 3.75 floor. Spot 530.77."
2026-09-16,A,CLOSE,PROFIT_TARGET,-534.00,523.97,Profit target hit. 585C 2026-10-09 | spot 523.97 | DTE 23 | profit 53%
2026-11-02,A,OPEN,NEW_ENTRY,1110.00,552.41,"Sell 3x 615C 2026-12-04 (32 DTE, delta 0.14), credit 3.70 start / 3.70 floor. Spot 552.41."
2026-11-02,B,OPEN,NEW_ENTRY,975.00,552.41,"Sell 3x 640C 2026-12-18 (46 DTE, delta 0.11), credit 3.25 start / 3.25 floor. Spot 552.41."
2026-11-13,A,ROLL,TIME_STOP_ROLL,120.00,568.30,"21 DTE with < 40% profit. 615C 2026-12-04 | spot 568.30 | DTE 21 | profit 0% -> roll to 635C 2026-12-18 (35 DTE, delta 0.15), net credit 0.39 start / 0.36 floor."
2026-11-27,A,CLOSE,TIME_STOP_ROLL,-1695.00,596.06,21 DTE with < 40% profit. 635C 2026-12-18 | spot 596.06 | DTE 21 | profit -38% No credit roll available: closing.
2026-11-27,B,CLOSE,TIME_STOP_ROLL,-1410.00,596.06,21 DTE with < 40% profit. 640C 2026-12-18 | spot 596.06 | DTE 21 | profit -44% No credit roll available: closing.
2026-11-30,A,OPEN,NEW_ENTRY,1125.00,588.53,"Sell 3x 655C 2026-12-31 (31 DTE, delta 0.14), credit 3.75 start / 3.75 floor. Spot 588.53."
2026-12-09,A,CLOSE,PROFIT_TARGET,-531.00,586.17,Profit target hit. 655C 2026-12-31 | spot 586.17 | DTE 22 | profit 53%
2026-12-10,A,OPEN,NEW_ENTRY,1215.00,584.58,"Sell 3x 645C 2027-01-08 (29 DTE, delta 0.15), credit 4.05 start / 4.05 floor. Spot 584.58."
2026-12-14,A,CLOSE,PROFIT_TARGET,-417.00,567.11,Profit target hit. 645C 2027-01-08 | spot 567.11 | DTE 25 | profit 66%
