Date,Close
10/07/2026,721.31
10/06/2026,738.88
10/05/2026,741.90
10/02/2026,728.08
10/01/2026,725.93
09/30/2026,725.18
09/29/2026,738.79
09/28/2026,715.62
09/25/2026,751.66
09/24/2026,777.59
09/23/2026,744.10
09/22/2026,736.595
09/21/2026,741.245
09/18/2026,665.75
09/17/2026,682.31
09/16/2026,673.31
09/15/2026,670.24
09/14/2026,665.60
09/11/2026,648.03
09/10/2026,644.38
09/09/2026,653.69
09/08/2026,613.48
09/04/2026,616.77
09/03/2026,610.68
09/02/2026,592.85
09/01/2026,578.54
08/31/2026,572.34
08/28/2026,578.02
08/27/2026,571.10
08/26/2026,576.14
08/25/2026,570.05
08/24/2026,559.02
08/21/2026,549.90
08/20/2026,545.83
08/19/2026,546.03
08/18/2026,543.67
08/17/2026,568.97
08/14/2026,589.85
08/13/2026,594.97
08/12/2026,578.85
08/11/2026,599.12
08/10/2026,594.92
08/07/2026,592.10
08/06/2026,589.90
08/05/2026,588.77
08/04/2026,587.94
08/03/2026,590.24
07/31/2026,556.71
07/30/2026,539.03
07/29/2026,585.61
07/28/2026,593.41
07/27/2026,593.87
07/24/2026,595.19
07/23/2026,606.10
07/22/2026,627.17
07/21/2026,643.81
07/20/2026,645.85
07/17/2026,646.01
07/16/2026,664.54
07/15/2026,681.31
07/14/2026,661.04
07/13/2026,656.73
07/10/2026,669.21
07/09/2026,631.48
07/08/2026,603.12
07/07/2026,615.58
07/06/2026,600.29
07/02/2026,582.90
07/01/2026,612.91
06/30/2026,563.29
06/29/2026,562.60
06/26/2026,550.25
06/25/2026,542.87
06/24/2026,557.67
06/23/2026,562.20
06/22/2026,563.85
06/18/2026,577.22
06/17/2026,567.58
06/16/2026,600.21
06/15/2026,593.48
06/12/2026,566.98
06/11/2026,568.43
06/10/2026,570.98
06/09/2026,584.59
06/08/2026,585.39
06/05/2026,593.00
06/04/2026,627.57
06/03/2026,622.98
06/02/2026,597.63
06/01/2026,600.47
05/29/2026,632.51
05/28/2026,635.29
05/27/2026,635.255
05/26/2026,612.34
05/22/2026,610.26
05/21/2026,607.38
05/20/2026,605.06
05/19/2026,602.61
05/18/2026,611.21
05/15/2026,614.23
05/14/2026,618.43
05/13/2026,616.63
05/12/2026,603.00
05/11/2026,598.86
05/08/2026,609.63
05/07/2026,616.81
05/06/2026,612.88
05/05/2026,604.96
05/04/2026,610.41
05/01/2026,608.745
04/30/2026,611.91
04/29/2026,669.12
04/28/2026,671.34
04/27/2026,678.62
04/24/2026,675.03
04/23/2026,659.15
04/22/2026,674.72
04/21/2026,668.84
04/20/2026,670.91
04/17/2026,688.55
04/16/2026,676.87
04/15/2026,671.58
04/14/2026,662.49
04/13/2026,634.53
04/10/2026,629.86
04/09/2026,628.39
04/08/2026,612.42
04/07/2026,575.05
04/06/2026,573.02
04/02/2026,574.46
04/01/2026,579.23
03/31/2026,572.13
03/30/2026,536.38
03/27/2026,525.72
03/26/2026,547.54
03/25/2026,594.89
03/24/2026,592.92
03/23/2026,604.06
03/20/2026,593.66
03/19/2026,606.70
03/18/2026,615.68
03/17/2026,622.66
03/16/2026,627.45
03/13/2026,613.71
03/12/2026,638.18
03/11/2026,654.86
03/10/2026,654.07
03/09/2026,647.39
03/06/2026,644.86
03/05/2026,660.57
03/04/2026,667.73
03/03/2026,655.08
03/02/2026,653.56
02/27/2026,648.18
02/26/2026,657.01
02/25/2026,653.69
02/24/2026,639.30
02/23/2026,637.25
02/20/2026,655.66
02/19/2026,644.78
02/18/2026,643.22
02/17/2026,639.29
02/13/2026,639.77
02/12/2026,649.81
02/11/2026,668.69
02/10/2026,670.72
02/09/2026,677.22
02/06/2026,661.46
02/05/2026,670.21
02/04/2026,668.99
02/03/2026,691.70
02/02/2026,706.41
01/30/2026,716.50
01/29/2026,738.31
01/28/2026,668.73
01/27/2026,672.97
01/26/2026,672.36
01/23/2026,658.76
01/22/2026,647.63
01/21/2026,612.96
01/20/2026,604.12
01/16/2026,620.25
01/15/2026,620.80
01/14/2026,615.52
01/13/2026,631.09
01/12/2026,641.97
01/09/2026,653.06
01/08/2026,646.06
01/07/2026,648.69
01/06/2026,660.62
01/05/2026,658.79
01/02/2026,650.41
12/31/2025,660.09
12/30/2025,665.95
12/29/2025,658.69
12/26/2025,663.29
12/24/2025,667.55
12/23/2025,664.94
12/22/2025,661.50
12/19/2025,658.77
12/18/2025,664.45
12/17/2025,649.50
12/16/2025,657.15
12/15/2025,647.51
12/12/2025,644.23
12/11/2025,652.71
12/10/2025,650.13
12/09/2025,656.96
12/08/2025,666.80
12/05/2025,673.42
12/04/2025,661.53
12/03/2025,639.60
12/02/2025,647.10
12/01/2025,640.87
11/28/2025,647.95
11/26/2025,633.61
11/25/2025,636.22
11/24/2025,613.05
11/21/2025,594.25
11/20/2025,589.15
11/19/2025,590.32
11/18/2025,597.69
11/17/2025,602.01
11/14/2025,609.46
11/13/2025,609.89
11/12/2025,609.01
11/11/2025,627.08
11/10/2025,631.76
11/07/2025,621.71
11/06/2025,618.94
11/05/2025,635.95
11/04/2025,627.32
11/03/2025,637.71
10/31/2025,648.35
10/30/2025,666.47
10/29/2025,751.67
10/28/2025,751.44
10/27/2025,750.82
10/24/2025,738.36
10/23/2025,734.00
10/22/2025,733.41
10/21/2025,733.27
10/20/2025,732.17
10/17/2025,716.915
10/16/2025,712.07
10/15/2025,717.55
10/14/2025,708.65
10/13/2025,715.70
10/10/2025,705.30
10/09/2025,733.51
10/08/2025,717.84
10/07/2025,713.08
10/06/2025,715.66
10/03/2025,710.56
10/02/2025,727.05
10/01/2025,717.34
09/30/2025,734.38
09/29/2025,743.40
09/26/2025,743.75
09/25/2025,748.91
09/24/2025,760.66
09/23/2025,755.40
09/22/2025,765.16
09/19/2025,778.38
09/18/2025,780.25
09/17/2025,775.715
09/16/2025,779.00
09/15/2025,764.70
09/12/2025,755.59
09/11/2025,750.90
09/10/2025,751.98
09/09/2025,765.70
09/08/2025,752.30
09/05/2025,752.45
09/04/2025,748.65
09/03/2025,737.05
09/02/2025,735.11
08/29/2025,738.70
08/28/2025,751.11
08/27/2025,747.38
08/26/2025,754.10
08/25/2025,753.30
08/22/2025,754.79
08/21/2025,739.10
08/20/2025,747.72
08/19/2025,751.48
08/18/2025,767.37
08/15/2025,785.23
08/14/2025,782.13
08/13/2025,780.08
08/12/2025,790.00
08/11/2025,765.87
08/08/2025,769.30
08/07/2025,761.83
08/06/2025,771.99
08/05/2025,763.46
08/04/2025,776.37
08/01/2025,750.01
07/31/2025,773.44
07/30/2025,695.21
07/29/2025,700.00
07/28/2025,717.63
07/25/2025,712.68
07/24/2025,714.80
07/23/2025,713.58
07/22/2025,704.81
07/21/2025,712.965
07/18/2025,704.28
07/17/2025,701.41
07/16/2025,702.91
07/15/2025,710.39
07/14/2025,720.92
07/11/2025,717.51
07/10/2025,727.24
07/09/2025,732.78
07/08/2025,720.67
07/07/2025,718.35
07/03/2025,719.01
07/02/2025,713.57
07/01/2025,719.22
06/30/2025,738.09
06/27/2025,733.63
06/26/2025,726.09
06/25/2025,708.68
06/24/2025,712.20
06/23/2025,698.53
06/20/2025,682.35
06/18/2025,695.77
06/17/2025,697.23
06/16/2025,702.12
06/13/2025,682.87
06/12/2025,693.36
06/11/2025,694.14
06/10/2025,702.40
06/09/2025,694.06
06/06/2025,697.71
06/05/2025,684.62
06/04/2025,687.95
06/03/2025,666.85
06/02/2025,670.90
05/30/2025,647.49
05/29/2025,645.05
05/28/2025,643.58
05/27/2025,642.32
05/23/2025,627.06
05/22/2025,636.57
05/21/2025,635.50
05/20/2025,637.10
05/19/2025,640.43
05/16/2025,640.34
05/15/2025,643.88
05/14/2025,659.36
05/13/2025,656.03
05/12/2025,639.43
05/09/2025,592.49
05/08/2025,598.01
05/07/2025,596.81
05/06/2025,587.31
05/05/2025,599.27
05/02/2025,597.02
05/01/2025,572.21
04/30/2025,549.00
04/29/2025,554.44
04/28/2025,549.74
04/25/2025,547.27
04/24/2025,533.15
04/23/2025,520.27
04/22/2025,500.28
04/21/2025,484.66
04/17/2025,501.48
04/16/2025,502.31
04/15/2025,521.52
04/14/2025,531.48
04/11/2025,543.57
04/10/2025,546.29
04/09/2025,585.77
04/08/2025,510.45
04/07/2025,516.25
04/04/2025,504.73
04/03/2025,531.62
04/02/2025,583.93
04/01/2025,586.00
03/31/2025,576.36
03/28/2025,576.74
03/27/2025,602.58
03/26/2025,610.98
03/25/2025,626.31
03/24/2025,618.85
03/21/2025,596.25
03/20/2025,586.00
03/19/2025,584.06
03/18/2025,582.36
03/17/2025,604.90
03/14/2025,607.60
03/13/2025,590.64
03/12/2025,619.56
03/11/2025,605.71
03/10/2025,597.99
03/07/2025,625.66
03/06/2025,627.93
03/05/2025,656.47
03/04/2025,640.00
03/03/2025,655.05
02/28/2025,668.20
02/27/2025,658.24
02/26/2025,673.70
02/25/2025,657.50
02/24/2025,668.13
02/21/2025,683.55
02/20/2025,694.84
02/19/2025,703.77
02/18/2025,716.37
02/14/2025,736.67
02/13/2025,728.56
02/12/2025,725.38
02/11/2025,719.80
02/10/2025,717.40
02/07/2025,714.52
02/06/2025,711.99
02/05/2025,704.87
02/04/2025,704.19
02/03/2025,697.46
01/31/2025,689.18
01/30/2025,687.00
01/29/2025,676.49
01/28/2025,674.33
01/27/2025,659.88
01/24/2025,647.49
01/23/2025,636.45
01/22/2025,623.50
01/21/2025,616.46
01/17/2025,612.77
01/16/2025,611.30
01/15/2025,617.12
01/14/2025,594.25
01/13/2025,608.33
01/10/2025,615.86
01/08/2025,610.72
01/07/2025,617.89
01/06/2025,630.20
01/03/2025,604.63
01/02/2025,599.24
12/31/2024,585.51
12/30/2024,591.24
12/27/2024,599.81
12/26/2024,603.35
12/24/2024,607.75
12/23/2024,599.85
12/20/2024,585.25
12/19/2024,595.57
12/18/2024,597.19
12/17/2024,619.44
12/16/2024,624.24
12/13/2024,620.35
12/12/2024,630.79
12/11/2024,632.68
12/10/2024,619.32
12/09/2024,613.57
12/06/2024,623.77
12/05/2024,608.93
12/04/2024,613.78
12/03/2024,613.65
12/02/2024,592.83
11/29/2024,574.32
11/27/2024,569.20
11/26/2024,573.54
11/25/2024,565.11
11/22/2024,559.14
11/21/2024,563.09
11/20/2024,565.52
11/19/2024,561.09
11/18/2024,554.40
11/15/2024,554.08
11/14/2024,577.16
11/13/2024,580.00
11/12/2024,584.82
11/11/2024,583.17
11/08/2024,589.34
11/07/2024,591.70
11/06/2024,572.05
11/05/2024,572.43
11/04/2024,560.68
11/01/2024,567.16
10/31/2024,567.58
10/30/2024,591.80
10/29/2024,593.28
10/28/2024,578.16
10/25/2024,573.25
10/24/2024,567.78
10/23/2024,563.69
10/22/2024,582.01
10/21/2024,575.16
10/18/2024,576.47
10/17/2024,576.93
10/16/2024,576.79
10/15/2024,586.27
10/14/2024,590.42
10/11/2024,589.95
10/10/2024,583.83
10/09/2024,590.51
10/08/2024,592.89
10/07/2024,584.78
10/04/2024,595.94
10/03/2024,582.77
10/02/2024,572.81
10/01/2024,576.47
09/30/2024,572.44
09/27/2024,567.36
09/26/2024,567.84
09/25/2024,568.31
09/24/2024,563.33
09/23/2024,564.41
09/20/2024,561.35
09/19/2024,559.10
09/18/2024,537.95
09/17/2024,536.315
09/16/2024,533.28
09/13/2024,524.62
09/12/2024,525.60
09/11/2024,511.83
09/10/2024,504.79
09/09/2024,504.79
09/06/2024,500.27
09/05/2024,516.86
09/04/2024,512.74
09/03/2024,511.76
08/30/2024,521.31
08/29/2024,518.22
08/28/2024,516.78
08/27/2024,519.10
08/26/2024,521.12
08/23/2024,528.00
08/22/2024,531.93
08/21/2024,535.16
08/20/2024,526.73
08/19/2024,529.28
08/16/2024,527.42
08/15/2024,537.33
08/14/2024,526.76
08/13/2024,528.54
08/12/2024,515.95
08/09/2024,517.77
08/08/2024,509.63
08/07/2024,488.92
08/06/2024,494.09
08/05/2024,475.73
08/02/2024,488.14
08/01/2024,497.74
07/31/2024,474.83
07/30/2024,463.19
07/29/2024,465.71
07/26/2024,465.70
07/25/2024,453.41
07/24/2024,461.27
07/23/2024,488.69
07/22/2024,487.40
07/19/2024,476.79
07/18/2024,475.85
07/17/2024,461.99
07/16/2024,489.79
07/15/2024,496.16
07/12/2024,498.87
07/11/2024,512.70
07/10/2024,534.69
07/09/2024,530.00
07/08/2024,529.32
07/05/2024,539.91
07/03/2024,509.96
07/02/2024,509.50
07/01/2024,504.68
06/28/2024,504.22
06/27/2024,519.56
06/26/2024,513.12
06/25/2024,510.60
06/24/2024,498.91
06/21/2024,494.78
06/20/2024,501.70
06/18/2024,499.49
06/17/2024,506.63
06/14/2024,504.16
06/13/2024,504.10
06/12/2024,508.84
06/11/2024,507.47
06/10/2024,502.60
06/07/2024,492.96
06/06/2024,493.76
06/05/2024,495.06
06/04/2024,476.99
06/03/2024,477.49
05/31/2024,466.83
05/30/2024,467.05
05/29/2024,474.36
05/28/2024,479.92
05/24/2024,478.22
05/23/2024,465.78
05/22/2024,467.78
05/21/2024,464.63
05/20/2024,468.84
05/17/2024,471.91
05/16/2024,473.23
05/15/2024,481.54
05/14/2024,471.85
05/13/2024,468.01
05/10/2024,476.20
05/09/2024,475.42
05/08/2024,472.60
05/07/2024,468.24
05/06/2024,465.68
05/03/2024,451.96
05/02/2024,441.68
05/01/2024,439.19
04/30/2024,430.17
04/29/2024,432.62
04/26/2024,443.29
04/25/2024,441.38
04/24/2024,493.50
04/23/2024,496.10
04/22/2024,481.73
04/19/2024,481.07
04/18/2024,501.80
04/17/2024,494.17
04/16/2024,499.76
04/15/2024,500.23
04/12/2024,511.90
04/11/2024,523.16
04/10/2024,519.83
04/09/2024,516.90
04/08/2024,519.25
04/05/2024,527.34
04/04/2024,510.92
04/03/2024,506.74
04/02/2024,497.37
04/01/2024,491.35
03/28/2024,485.58
03/27/2024,493.86
03/26/2024,495.89
03/25/2024,503.02
03/22/2024,509.58
03/21/2024,507.76
03/20/2024,505.52
03/19/2024,496.24
03/18/2024,496.98
03/15/2024,484.10
03/14/2024,491.83
03/13/2024,495.57
03/12/2024,499.75
03/11/2024,483.59
03/08/2024,505.95
03/07/2024,512.19
03/06/2024,496.09
03/05/2024,490.22
03/04/2024,498.19
03/01/2024,502.30
02/29/2024,490.13
02/28/2024,484.02
02/27/2024,487.05
02/26/2024,481.74
02/23/2024,484.03
02/22/2024,486.13
02/21/2024,468.03
02/20/2024,471.75
02/16/2024,473.32
02/15/2024,484.03
02/14/2024,473.28
02/13/2024,460.12
02/12/2024,468.90
02/09/2024,468.11
02/08/2024,470.00
02/07/2024,469.59
02/06/2024,454.72
02/05/2024,459.41
02/02/2024,474.99
02/01/2024,394.78
01/31/2024,390.14
01/30/2024,400.06
01/29/2024,401.02
01/26/2024,394.14
01/25/2024,393.18
01/24/2024,390.70
01/23/2024,385.20
01/22/2024,381.78
01/19/2024,383.45
01/18/2024,376.13
01/17/2024,368.37
01/16/2024,367.46
01/12/2024,374.49
01/11/2024,369.67
01/10/2024,370.47
01/09/2024,357.43
01/08/2024,358.66
01/05/2024,351.95
01/04/2024,347.12
01/03/2024,344.47
01/02/2024,346.29
12/29/2023,353.96
12/28/2023,358.32
12/27/2023,357.83
12/26/2023,354.83
12/22/2023,353.39
12/21/2023,354.09
12/20/2023,349.28
12/19/2023,350.36
12/18/2023,344.62
12/15/2023,334.92
12/14/2023,333.17
12/13/2023,334.74
12/12/2023,334.22
12/11/2023,325.28
12/08/2023,332.75
12/07/2023,326.59
12/06/2023,317.45
12/05/2023,318.29
12/04/2023,320.02
12/01/2023,324.82
11/30/2023,327.15
11/29/2023,332.20
11/28/2023,338.99
11/27/2023,334.70
11/24/2023,338.23
11/22/2023,341.49
11/21/2023,336.98
11/20/2023,339.97
11/17/2023,335.04
11/16/2023,334.19
11/15/2023,332.71
11/14/2023,336.31
11/13/2023,329.19
11/10/2023,328.77
11/09/2023,320.55
11/08/2023,319.78
11/07/2023,318.82
11/06/2023,315.80
11/03/2023,314.60
11/02/2023,310.87
11/01/2023,311.85
10/31/2023,301.27
10/30/2023,302.66
10/27/2023,296.73
10/26/2023,288.35
10/25/2023,299.53
10/24/2023,312.55
10/23/2023,314.01
10/20/2023,308.65
10/19/2023,312.81
10/18/2023,316.97
10/17/2023,324.00
10/16/2023,321.15
10/13/2023,314.69
10/12/2023,324.16
10/11/2023,327.82
10/10/2023,321.84
10/09/2023,318.36
10/06/2023,315.43
10/05/2023,304.79
10/04/2023,305.58
10/03/2023,300.94
10/02/2023,306.82
09/29/2023,300.21
09/28/2023,303.96
09/27/2023,297.74
09/26/2023,298.96
09/25/2023,300.83
09/22/2023,299.08
09/21/2023,295.73
09/20/2023,299.67
09/19/2023,305.07
09/18/2023,302.55
09/15/2023,300.31
09/14/2023,311.72
09/13/2023,305.06
09/12/2023,301.66
09/11/2023,307.56
09/08/2023,297.89
09/07/2023,298.67
09/06/2023,299.17
09/05/2023,300.15
09/01/2023,296.38
08/31/2023,295.89
08/30/2023,295.10
08/29/2023,297.99
08/28/2023,290.26
08/25/2023,285.50
08/24/2023,286.75
08/23/2023,294.24
08/22/2023,287.60
08/21/2023,289.90
08/18/2023,283.25
08/17/2023,285.09
08/16/2023,294.29
08/15/2023,301.95
08/14/2023,306.19
08/11/2023,301.64
08/10/2023,305.74
08/09/2023,305.21
08/08/2023,312.64
08/07/2023,316.56
08/04/2023,310.73
08/03/2023,313.19
08/02/2023,314.31
08/01/2023,322.71
07/31/2023,318.60
07/28/2023,325.48
07/27/2023,311.71
07/26/2023,298.57
07/25/2023,294.47
07/24/2023,291.61
07/21/2023,294.26
07/20/2023,302.52
07/19/2023,316.01
07/18/2023,312.05
07/17/2023,310.62
07/14/2023,308.87
07/13/2023,313.41
07/12/2023,309.34
07/11/2023,298.29
07/10/2023,294.10
07/07/2023,290.53
07/06/2023,291.99
07/05/2023,294.37
07/03/2023,286.02
06/30/2023,286.98
06/29/2023,281.53
06/28/2023,285.29
06/27/2023,287.05
06/26/2023,278.47
06/23/2023,288.73
06/22/2023,284.88
06/21/2023,281.64
06/20/2023,284.33
06/16/2023,281.00
06/15/2023,281.83
06/14/2023,273.35
06/13/2023,271.32
06/12/2023,271.05
06/09/2023,264.95
06/08/2023,264.58
06/07/2023,263.60
06/06/2023,271.12
06/05/2023,271.39
06/02/2023,272.61
06/01/2023,272.61
05/31/2023,264.72
05/30/2023,262.52
05/26/2023,262.04
05/25/2023,252.69
05/24/2023,249.21
05/23/2023,246.74
05/22/2023,248.32
05/19/2023,245.64
05/18/2023,246.85
05/17/2023,242.485
05/16/2023,238.82
05/15/2023,238.86
05/12/2023,233.81
05/11/2023,235.79
05/10/2023,233.08
05/09/2023,233.37
05/08/2023,233.27
05/05/2023,232.78
05/04/2023,233.52
05/03/2023,237.03
05/02/2023,239.24
05/01/2023,243.18
04/28/2023,240.32
04/27/2023,238.56
04/26/2023,209.40
04/25/2023,207.55
04/24/2023,212.79
04/21/2023,212.89
04/20/2023,213.07
04/19/2023,215.70
04/18/2023,217.89
04/17/2023,218.86
04/14/2023,221.49
04/13/2023,220.35
04/12/2023,214.00
04/11/2023,213.85
04/10/2023,214.75
04/06/2023,216.10
04/05/2023,211.48
04/04/2023,214.72
04/03/2023,213.07
03/31/2023,211.94
03/30/2023,207.84
03/29/2023,205.35
03/28/2023,200.68
03/27/2023,202.84
03/24/2023,206.01
03/23/2023,204.28
03/22/2023,199.81
03/21/2023,202.16
03/20/2023,197.81
03/17/2023,195.61
03/16/2023,204.93
03/15/2023,197.75
03/14/2023,194.02
03/13/2023,180.90
03/10/2023,179.51
03/09/2023,181.69
03/08/2023,184.97
03/07/2023,184.51
03/06/2023,184.90
03/03/2023,185.25
03/02/2023,174.53
03/01/2023,173.42
02/28/2023,174.94
02/27/2023,169.54
02/24/2023,170.39
02/23/2023,172.04
02/22/2023,171.12
02/21/2023,172.08
02/17/2023,172.88
02/16/2023,172.44
02/15/2023,177.16
02/14/2023,179.48
02/13/2023,179.43
02/10/2023,174.15
02/09/2023,177.92
02/08/2023,183.43
02/07/2023,191.62
02/06/2023,186.06
02/03/2023,186.53
02/02/2023,188.77
02/01/2023,153.12
01/31/2023,148.97
01/30/2023,147.06
01/27/2023,151.74
01/26/2023,147.30
01/25/2023,141.50
01/24/2023,143.14
01/23/2023,143.27
01/20/2023,139.37
01/19/2023,136.15
01/18/2023,133.02
01/17/2023,135.36
01/13/2023,136.98
01/12/2023,136.71
01/11/2023,132.89
01/10/2023,132.99
01/09/2023,129.47
01/06/2023,130.02
01/05/2023,126.94
01/04/2023,127.37
01/03/2023,124.74
12/30/2022,120.34
12/29/2022,120.26
12/28/2022,115.62
12/27/2022,116.88
12/23/2022,118.04
12/22/2022,117.12
12/21/2022,119.76
12/20/2022,117.09
12/19/2022,114.48
12/16/2022,119.43
12/15/2022,116.15
12/14/2022,121.59
12/13/2022,120.15
12/12/2022,114.71
12/09/2022,115.90
12/08/2022,115.33
12/07/2022,113.93
12/06/2022,114.12
12/05/2022,122.43
12/02/2022,123.49
12/01/2022,120.44
11/30/2022,118.10
11/29/2022,109.46
11/28/2022,108.78
11/25/2022,111.41
11/23/2022,112.24
11/22/2022,111.44
11/21/2022,109.86
11/18/2022,112.05
11/17/2022,111.45
11/16/2022,113.23
11/15/2022,117.08
11/14/2022,114.22
11/11/2022,113.02
11/10/2022,111.87
11/09/2022,101.47
11/08/2022,96.47
11/07/2022,96.72
11/04/2022,90.79
11/03/2022,88.91
11/02/2022,90.54
11/01/2022,95.20
10/31/2022,93.16
10/28/2022,99.20
10/27/2022,97.94
10/26/2022,129.82
10/25/2022,137.51
10/24/2022,129.72
10/21/2022,130.01
10/20/2022,131.53
10/19/2022,133.23
10/18/2022,132.80
10/17/2022,134.04
10/14/2022,126.76
10/13/2022,130.29
10/12/2022,127.50
10/11/2022,128.54
10/10/2022,133.79
10/07/2022,133.45
10/06/2022,139.07
10/05/2022,138.98
10/04/2022,140.28
10/03/2022,138.61
09/30/2022,135.68
09/29/2022,136.41
09/28/2022,141.61
09/27/2022,134.40
09/26/2022,136.37
09/23/2022,140.41
09/22/2022,142.82
09/21/2022,142.12
09/20/2022,146.09
09/19/2022,148.02
09/16/2022,146.29
09/15/2022,149.55
09/14/2022,151.47
09/13/2022,153.13
09/12/2022,168.96
09/09/2022,169.15
09/08/2022,162.06
09/07/2022,160.39
09/06/2022,158.54
09/02/2022,160.32
09/01/2022,165.36
08/31/2022,162.93
08/30/2022,157.16
08/29/2022,159.17
08/26/2022,161.78
08/25/2022,168.78
08/24/2022,163.26
08/23/2022,161.11
08/22/2022,163.05
08/19/2022,167.96
08/18/2022,174.66
08/17/2022,174.85
08/16/2022,179.47
08/15/2022,180.89
08/12/2022,180.50
08/11/2022,177.49
08/10/2022,178.34
08/09/2022,168.53
08/08/2022,170.25
08/05/2022,167.11
08/04/2022,170.57
08/03/2022,168.80
08/02/2022,160.19
08/01/2022,159.93
07/29/2022,159.10
07/28/2022,160.72
07/27/2022,169.58
07/26/2022,159.15
07/25/2022,166.65
07/22/2022,169.27
07/21/2022,183.17
07/20/2022,183.09
07/19/2022,175.78
07/18/2022,167.23
07/15/2022,164.70
07/14/2022,158.05
07/13/2022,163.49
07/12/2022,163.27
07/11/2022,162.88
07/08/2022,170.88
07/07/2022,172.19
07/06/2022,169.77
07/05/2022,168.19
07/01/2022,160.03
06/30/2022,161.25
06/29/2022,163.94
06/28/2022,160.68
06/27/2022,169.49
06/24/2022,170.16
06/23/2022,158.75
06/22/2022,155.85
06/21/2022,157.05
06/17/2022,163.74
06/16/2022,160.87
06/15/2022,169.35
06/14/2022,163.73
06/13/2022,164.26
06/10/2022,175.57
06/09/2022,184.00
06/08/2022,196.64
06/07/2022,195.65
06/06/2022,194.25
06/03/2022,190.78
06/02/2022,198.86
06/01/2022,188.64
05/31/2022,193.64
05/27/2022,195.13
05/26/2022,191.63
05/25/2022,183.83
05/24/2022,181.28
05/23/2022,196.23
05/20/2022,193.54
05/19/2022,191.29
05/18/2022,192.24
05/17/2022,202.62
05/16/2022,200.04
05/13/2022,198.62
05/12/2022,191.24
05/11/2022,188.74
05/10/2022,197.65
05/09/2022,196.21
05/06/2022,203.77
05/05/2022,208.28
05/04/2022,223.41
05/03/2022,212.03
05/02/2022,211.13
04/29/2022,200.47
04/28/2022,205.73
04/27/2022,174.95
04/26/2022,180.95
04/25/2022,186.99
04/22/2022,184.11
04/21/2022,188.07
04/20/2022,200.42
04/19/2022,217.31
04/18/2022,210.77
04/14/2022,210.18
04/13/2022,214.99
04/12/2022,214.14
04/11/2022,216.46
04/08/2022,222.33
04/07/2022,222.95
04/06/2022,223.30
04/05/2022,231.84
04/04/2022,233.89
04/01/2022,224.85
03/31/2022,222.36
03/30/2022,227.85
03/29/2022,229.86
03/28/2022,223.59
03/25/2022,221.82
03/24/2022,219.57
03/23/2022,213.46
03/22/2022,216.65
03/21/2022,211.49
03/18/2022,216.49
03/17/2022,207.84
03/16/2022,203.63
03/15/2022,192.03
03/14/2022,186.63
03/11/2022,187.61
03/10/2022,195.21
03/09/2022,198.50
03/08/2022,190.29
03/07/2022,187.47
03/04/2022,200.06
03/03/2022,202.97
03/02/2022,208.11
03/01/2022,203.49
02/28/2022,211.03
02/25/2022,210.48
02/24/2022,207.60
02/23/2022,198.45
02/22/2022,202.08
02/18/2022,206.16
02/17/2022,207.71
02/16/2022,216.54
02/15/2022,221.00
02/14/2022,217.70
02/11/2022,219.55
02/10/2022,228.07
02/09/2022,232.00
02/08/2022,220.18
02/07/2022,224.91
02/04/2022,237.09
02/03/2022,237.76
02/02/2022,323.00
02/01/2022,319.00
01/31/2022,313.26
01/28/2022,301.71
01/27/2022,294.64
01/26/2022,294.63
01/25/2022,300.15
01/24/2022,308.71
01/21/2022,303.17
01/20/2022,316.56
01/19/2022,319.59
01/18/2022,318.15
01/14/2022,331.90
01/13/2022,326.48
01/12/2022,333.26
01/11/2022,334.37
01/10/2022,328.07
01/07/2022,331.79
01/06/2022,332.46
01/05/2022,324.17
01/04/2022,336.53
01/03/2022,338.54
12/31/2021,336.35
12/30/2021,344.36
12/29/2021,342.94
12/28/2021,346.22
12/27/2021,346.18
12/23/2021,335.24
12/22/2021,330.45
12/21/2021,334.20
12/20/2021,325.45
12/17/2021,333.79
12/16/2021,334.90
12/15/2021,341.66
12/14/2021,333.74
12/13/2021,334.49
12/10/2021,329.75
12/09/2021,329.82
12/08/2021,330.56
12/07/2021,322.81
12/06/2021,317.87
12/03/2021,306.84
12/02/2021,310.39
12/01/2021,310.60
11/30/2021,324.46
11/29/2021,338.03
11/26/2021,333.12
11/24/2021,341.06
11/23/2021,337.25
11/22/2021,341.01
11/19/2021,345.30
11/18/2021,338.69
11/17/2021,340.77
11/16/2021,342.96
11/15/2021,347.56
11/12/2021,340.89
11/11/2021,327.74
11/10/2021,327.64
11/09/2021,335.37
11/08/2021,338.62
11/05/2021,341.13
11/04/2021,335.85
11/03/2021,331.62
11/02/2021,328.08
11/01/2021,329.98
10/29/2021,323.57
10/28/2021,316.92
10/27/2021,312.22
10/26/2021,315.81
10/25/2021,328.69
10/22/2021,324.61
10/21/2021,341.88
10/20/2021,340.78
10/19/2021,339.99
10/18/2021,335.34
10/15/2021,324.76
10/14/2021,328.53
10/13/2021,324.54
10/12/2021,323.77
10/11/2021,325.45
10/08/2021,330.05
10/07/2021,329.22
10/06/2021,333.64
10/05/2021,332.96
10/04/2021,326.23
10/01/2021,343.01
09/30/2021,339.39
09/29/2021,339.61
09/28/2021,340.65
09/27/2021,353.58
09/24/2021,352.96
09/23/2021,345.96
09/22/2021,343.21
09/21/2021,357.48
09/20/2021,355.70
09/17/2021,364.72
09/16/2021,373.06
09/15/2021,373.92
09/14/2021,376.53
09/13/2021,376.51
09/10/2021,378.69
09/09/2021,378.00
09/08/2021,377.57
09/07/2021,382.18
09/03/2021,376.26
09/02/2021,375.28
09/01/2021,382.05
08/31/2021,379.38
08/30/2021,380.66
08/27/2021,372.63
08/26/2021,364.38
08/25/2021,368.39
08/24/2021,365.51
08/23/2021,363.35
08/20/2021,359.37
08/19/2021,355.12
08/18/2021,355.45
08/17/2021,358.45
08/16/2021,366.56
08/13/2021,363.18
08/12/2021,362.65
08/11/2021,359.96
08/10/2021,361.13
08/09/2021,361.61
08/06/2021,363.51
08/05/2021,362.97
08/04/2021,358.92
08/03/2021,351.24
08/02/2021,351.95
07/30/2021,356.30
07/29/2021,358.32
07/28/2021,373.28
07/27/2021,367.81
07/26/2021,372.46
07/23/2021,369.79
07/22/2021,351.19
07/21/2021,346.23
07/20/2021,341.66
07/19/2021,336.95
07/16/2021,341.16
07/15/2021,344.46
07/14/2021,347.63
07/13/2021,352.09
07/12/2021,353.16
07/09/2021,350.42
07/08/2021,345.65
07/07/2021,350.49
07/06/2021,352.78
07/02/2021,354.70
07/01/2021,354.39
06/30/2021,347.71
06/29/2021,351.89
06/28/2021,355.64
06/25/2021,341.37
06/24/2021,343.18
06/23/2021,340.59
06/22/2021,339.03
06/21/2021,332.29
06/18/2021,329.66
06/17/2021,336.51
06/16/2021,331.08
06/15/2021,336.75
06/14/2021,336.77
06/11/2021,331.26
06/10/2021,332.46
06/09/2021,330.25
06/08/2021,333.68
06/07/2021,336.58
06/04/2021,330.35
06/03/2021,326.04
06/02/2021,329.15
06/01/2021,329.13
05/28/2021,328.73
05/27/2021,332.75
05/26/2021,327.66
05/25/2021,327.79
05/24/2021,324.63
05/21/2021,316.23
05/20/2021,318.61
05/19/2021,313.59
05/18/2021,309.96
05/17/2021,315.46
05/14/2021,315.94
05/13/2021,305.26
05/12/2021,302.55
05/11/2021,306.53
05/10/2021,305.97
05/07/2021,319.08
05/06/2021,320.02
05/05/2021,315.02
05/04/2021,318.36
05/03/2021,322.58
04/30/2021,325.08
04/29/2021,329.51
04/28/2021,307.10
04/27/2021,303.57
04/26/2021,303.04
04/23/2021,301.13
04/22/2021,296.52
04/21/2021,301.47
04/20/2021,302.65
04/19/2021,302.24
04/16/2021,306.18
04/15/2021,307.82
04/14/2021,302.82
04/13/2021,309.76
04/12/2021,311.54
04/09/2021,312.46
04/08/2021,313.02
04/07/2021,313.09
04/06/2021,306.26
04/05/2021,308.91
04/01/2021,298.66
03/31/2021,294.53
03/30/2021,288.00
03/29/2021,290.82
03/26/2021,283.02
03/25/2021,278.74
03/24/2021,282.14
03/23/2021,290.63
03/22/2021,293.54
03/19/2021,290.11
03/18/2021,278.62
03/17/2021,284.01
03/16/2021,279.28
03/15/2021,273.75
03/12/2021,268.40
03/11/2021,273.88
03/10/2021,264.90
03/09/2021,265.74
03/08/2021,255.31
03/05/2021,264.28
03/04/2021,257.64
03/03/2021,255.41
03/02/2021,259.00
03/01/2021,264.91
02/26/2021,257.62
02/25/2021,254.69
02/24/2021,264.31
02/23/2021,265.855
02/22/2021,260.33
02/19/2021,261.56
02/18/2021,269.39
02/17/2021,273.57
02/16/2021,273.97
02/12/2021,270.50
02/11/2021,270.39
02/10/2021,271.87
02/09/2021,269.45
02/08/2021,266.58
02/05/2021,268.10
02/04/2021,266.49
02/03/2021,266.65
02/02/2021,267.08
02/01/2021,262.01
01/29/2021,258.33
01/28/2021,265.00
01/27/2021,272.14
01/26/2021,282.05
01/25/2021,278.01
01/22/2021,274.50
01/21/2021,272.87
01/20/2021,267.48
01/19/2021,261.10
01/15/2021,251.36
01/14/2021,245.64
01/13/2021,251.64
01/12/2021,251.09
01/11/2021,256.84
01/08/2021,267.57
01/07/2021,268.74
01/06/2021,263.31
01/05/2021,270.97
01/04/2021,268.94
12/31/2020,273.16
12/30/2020,271.87
12/29/2020,276.78
12/28/2020,277.00
12/24/2020,267.40
12/23/2020,268.11
12/22/2020,267.09
12/21/2020,272.79
12/18/2020,276.40
12/17/2020,274.48
12/16/2020,275.67
12/15/2020,275.55
12/14/2020,274.19
12/11/2020,273.55
12/10/2020,277.12
12/09/2020,277.92
12/08/2020,283.40
12/07/2020,285.58
12/04/2020,279.70
12/03/2020,281.85
12/02/2020,287.52
12/01/2020,286.55
11/30/2020,276.97
11/27/2020,277.81
11/25/2020,275.59
11/24/2020,276.92
11/23/2020,268.43
11/20/2020,269.70
11/19/2020,272.94
11/18/2020,271.97
11/17/2020,275.00
11/16/2020,278.96
11/13/2020,276.95
11/12/2020,275.08
11/11/2020,276.48
11/10/2020,272.43
11/09/2020,278.77
11/06/2020,293.41
11/05/2020,294.68
11/04/2020,287.38
11/03/2020,265.30
11/02/2020,261.36
10/30/2020,263.11
10/29/2020,280.83
10/28/2020,267.67
10/27/2020,283.29
10/26/2020,277.11
10/23/2020,284.79
10/22/2020,278.12
10/21/2020,278.73
10/20/2020,267.56
10/19/2020,261.40
10/16/2020,265.93
10/15/2020,266.72
10/14/2020,271.82
10/13/2020,276.14
10/12/2020,275.75
10/09/2020,264.45
10/08/2020,263.76
10/07/2020,258.12
10/06/2020,258.66
10/05/2020,264.65
10/02/2020,259.94
10/01/2020,266.63
09/30/2020,261.90
09/29/2020,261.79
09/28/2020,256.82
09/25/2020,254.82
09/24/2020,249.53
09/23/2020,249.02
09/22/2020,254.75
09/21/2020,248.15
09/18/2020,252.53
09/17/2020,254.82
09/16/2020,263.52
09/15/2020,272.42
09/14/2020,266.15
09/11/2020,266.61
09/10/2020,268.09
09/09/2020,273.72
09/08/2020,271.16
09/04/2020,282.73
09/03/2020,291.12
09/02/2020,302.50
09/01/2020,295.44
08/31/2020,293.20
08/28/2020,293.66
08/27/2020,293.22
08/26/2020,303.91
08/25/2020,280.82
08/24/2020,271.39
08/21/2020,267.01
08/20/2020,269.01
08/19/2020,262.59
08/18/2020,262.34
08/17/2020,261.16
08/14/2020,261.24
08/13/2020,261.30
08/12/2020,259.89
08/11/2020,256.13
08/10/2020,263.00
08/07/2020,268.44
08/06/2020,265.28
08/05/2020,249.12
08/04/2020,249.83
08/03/2020,251.96
07/31/2020,253.67
07/30/2020,234.50
07/29/2020,233.29
07/28/2020,230.12
07/27/2020,233.50
07/24/2020,230.71
07/23/2020,232.60
07/22/2020,239.87
07/21/2020,241.75
07/20/2020,245.42
07/17/2020,242.03
07/16/2020,240.93
07/15/2020,240.28
07/14/2020,239.73
07/13/2020,239.00
07/10/2020,245.07
07/09/2020,244.50
07/08/2020,243.58
07/07/2020,240.86
07/06/2020,240.28
07/02/2020,233.42
07/01/2020,237.55
06/30/2020,227.07
06/29/2020,220.64
06/26/2020,216.08
06/25/2020,235.68
06/24/2020,234.02
06/23/2020,242.24
06/22/2020,239.22
06/19/2020,238.79
06/18/2020,235.94
06/17/2020,235.53
06/16/2020,235.65
06/15/2020,232.50
06/12/2020,228.58
06/11/2020,224.43
06/10/2020,236.73
06/09/2020,238.67
06/08/2020,231.40
06/05/2020,230.77
06/04/2020,226.29
06/03/2020,230.16
06/02/2020,232.72
06/01/2020,231.91
05/29/2020,225.09
05/28/2020,225.46
05/27/2020,229.14
05/26/2020,232.20
05/22/2020,234.91
05/21/2020,231.39
05/20/2020,229.97
05/19/2020,216.88
05/18/2020,213.19
05/15/2020,210.88
05/14/2020,206.81
05/13/2020,205.10
05/12/2020,210.10
05/11/2020,213.18
05/08/2020,212.35
05/07/2020,211.26
05/06/2020,208.47
05/05/2020,207.07
05/04/2020,205.26
05/01/2020,202.27
04/30/2020,204.71
04/29/2020,194.19
04/28/2020,182.91
04/27/2020,187.50
04/24/2020,190.07
04/23/2020,185.13
04/22/2020,182.28
04/21/2020,170.80
04/20/2020,178.24
04/17/2020,179.24
04/16/2020,176.25
04/15/2020,176.97
04/14/2020,178.17
04/13/2020,174.79
04/09/2020,175.19
04/08/2020,174.28
04/07/2020,168.83
04/06/2020,165.55
04/03/2020,154.18
04/02/2020,158.19
04/01/2020,159.60
03/31/2020,166.80
03/30/2020,165.95
03/27/2020,156.79
03/26/2020,163.34
03/25/2020,156.21
03/24/2020,160.98
03/23/2020,148.10
03/20/2020,149.73
03/19/2020,153.13
03/18/2020,146.96
03/17/2020,149.42
03/16/2020,146.01
03/13/2020,170.28
03/12/2020,154.47
03/11/2020,170.24
03/10/2020,178.19
03/09/2020,169.50
03/06/2020,181.09
03/05/2020,185.17
03/04/2020,191.76
03/03/2020,185.89
03/02/2020,196.44
02/28/2020,192.47
02/27/2020,189.75
02/26/2020,197.20
02/25/2020,196.77
02/24/2020,200.72
02/21/2020,210.18
02/20/2020,214.58
02/19/2020,217.49
02/18/2020,217.80
02/14/2020,214.18
02/13/2020,213.14
02/12/2020,210.76
02/11/2020,207.19
02/10/2020,213.06
02/07/2020,212.33
02/06/2020,210.85
02/05/2020,210.11
02/04/2020,209.83
02/03/2020,204.19
01/31/2020,201.91
01/30/2020,209.53
01/29/2020,223.23
01/28/2020,217.79
01/27/2020,214.87
01/24/2020,217.94
01/23/2020,219.76
01/22/2020,221.32
01/21/2020,221.44
01/17/2020,222.14
01/16/2020,221.77
01/15/2020,221.15
01/14/2020,219.06
01/13/2020,221.91
01/10/2020,218.06
01/09/2020,218.30
01/08/2020,215.22
01/07/2020,213.06
01/06/2020,212.60
01/03/2020,208.67
01/02/2020,209.78
12/31/2019,205.25
12/30/2019,204.41
12/27/2019,208.10
12/26/2019,207.79
12/24/2019,205.12
12/23/2019,206.18
12/20/2019,206.30
12/19/2019,206.06
12/18/2019,202.50
12/17/2019,198.39
12/16/2019,197.92
12/13/2019,194.11
12/12/2019,196.75
12/11/2019,202.26
12/10/2019,200.87
12/09/2019,201.34
12/06/2019,201.05
12/05/2019,199.36
12/04/2019,198.71
12/03/2019,198.82
12/02/2019,199.70
11/29/2019,201.64
11/27/2019,202.00
11/26/2019,198.97
11/25/2019,199.79
11/22/2019,198.82
11/21/2019,197.93
11/20/2019,197.51
11/19/2019,199.32
11/18/2019,197.40
11/15/2019,195.10
11/14/2019,193.15
11/13/2019,193.19
11/12/2019,194.47
11/11/2019,189.61
11/08/2019,190.84
11/07/2019,190.42
11/06/2019,191.55
11/05/2019,194.32
11/04/2019,194.72
11/01/2019,193.62
10/31/2019,191.65
10/30/2019,188.25
10/29/2019,189.31
10/28/2019,189.40
10/25/2019,187.89
10/24/2019,186.38
10/23/2019,186.15
10/22/2019,182.34
10/21/2019,189.76
10/18/2019,185.85
10/17/2019,190.39
10/16/2019,189.55
10/15/2019,188.89
10/14/2019,183.28
10/11/2019,184.19
10/10/2019,180.03
10/09/2019,179.85
10/08/2019,177.75
10/07/2019,179.68
10/04/2019,180.45
10/03/2019,179.38
10/02/2019,174.60
10/01/2019,175.81
09/30/2019,178.08
09/27/2019,177.10
09/26/2019,180.11
09/25/2019,182.80
09/24/2019,181.28
09/23/2019,186.82
09/20/2019,189.93
09/19/2019,190.14
09/18/2019,188.14
09/17/2019,188.08
09/16/2019,186.22
09/13/2019,187.19
09/12/2019,187.47
09/11/2019,188.49
09/10/2019,186.17
09/09/2019,188.76
09/06/2019,187.49
09/05/2019,190.90
09/04/2019,187.14
09/03/2019,182.39
08/30/2019,185.67
08/29/2019,185.57
08/28/2019,181.76
08/27/2019,181.30
08/26/2019,180.36
08/23/2019,177.75
08/22/2019,182.04
08/21/2019,183.55
08/20/2019,183.81
08/19/2019,186.17
08/16/2019,183.70
08/15/2019,182.59
08/14/2019,179.71
08/13/2019,188.45
08/12/2019,185.37
08/09/2019,187.85
08/08/2019,190.16
08/07/2019,185.15
08/06/2019,184.51
08/05/2019,181.73
08/02/2019,189.02
08/01/2019,192.73
07/31/2019,194.23
07/30/2019,197.04
07/29/2019,195.94
07/26/2019,199.75
07/25/2019,200.71
07/24/2019,204.66
07/23/2019,202.36
07/22/2019,202.32
07/19/2019,198.36
07/18/2019,200.78
07/17/2019,201.80
07/16/2019,203.84
07/15/2019,203.91
07/12/2019,204.87
07/11/2019,201.23
07/10/2019,202.73
07/09/2019,199.21
07/08/2019,195.76
07/05/2019,196.40
07/03/2019,197.20
07/02/2019,195.00
07/01/2019,193.00
06/28/2019,193.00
06/27/2019,189.50
06/26/2019,187.66
06/25/2019,188.84
06/24/2019,192.60
06/21/2019,191.14
06/20/2019,189.53
06/19/2019,187.48
06/18/2019,188.47
06/17/2019,189.01
06/14/2019,181.33
06/13/2019,177.47
06/12/2019,175.04
06/11/2019,178.10
06/10/2019,174.82
06/07/2019,173.35
06/06/2019,168.33
06/05/2019,168.17
06/04/2019,167.50
06/03/2019,164.15
05/31/2019,177.47
05/30/2019,183.01
05/29/2019,182.19
05/28/2019,184.31
05/24/2019,181.06
05/23/2019,180.87
05/22/2019,185.32
05/21/2019,184.82
05/20/2019,182.72
05/17/2019,185.30
05/16/2019,186.99
05/15/2019,186.27
05/14/2019,180.73
05/13/2019,181.54
05/10/2019,188.34
05/09/2019,188.65
05/08/2019,189.54
05/07/2019,189.77
05/06/2019,193.88
05/03/2019,195.47
05/02/2019,192.53
05/01/2019,193.03
04/30/2019,193.40
04/29/2019,194.78
04/26/2019,191.49
04/25/2019,193.26
04/24/2019,182.58
04/23/2019,183.78
04/22/2019,181.44
04/18/2019,178.28
04/17/2019,178.78
04/16/2019,178.87
04/15/2019,179.65
04/12/2019,179.10
04/11/2019,177.51
04/10/2019,177.82
04/09/2019,177.58
04/08/2019,174.93
04/05/2019,175.72
04/04/2019,176.02
04/03/2019,173.54
04/02/2019,174.20
04/01/2019,168.70
03/29/2019,166.69
03/28/2019,165.55
03/27/2019,165.87
03/26/2019,167.68
03/25/2019,166.29
03/22/2019,164.34
03/21/2019,166.08
03/20/2019,165.44
03/19/2019,161.57
03/18/2019,160.47
03/15/2019,165.98
03/14/2019,170.17
03/13/2019,173.37
03/12/2019,171.92
03/11/2019,172.07
03/08/2019,169.60
03/07/2019,169.13
03/06/2019,172.51
03/05/2019,171.26
03/04/2019,167.37
03/01/2019,162.28
02/28/2019,161.45
02/27/2019,162.81
02/26/2019,164.13
02/25/2019,164.62
02/22/2019,161.89
02/21/2019,160.04
02/20/2019,162.56
02/19/2019,162.29
02/15/2019,162.50
02/14/2019,163.95
02/13/2019,164.07
02/12/2019,165.04
02/11/2019,165.79
02/08/2019,167.33
02/07/2019,166.38
02/06/2019,170.49
02/05/2019,171.16
02/04/2019,169.25
02/01/2019,165.71
01/31/2019,166.69
01/30/2019,150.42
01/29/2019,144.19
01/28/2019,147.47
01/25/2019,149.01
01/24/2019,145.83
01/23/2019,144.30
01/22/2019,147.57
01/18/2019,150.04
01/17/2019,148.30
01/16/2019,147.54
01/15/2019,148.95
01/14/2019,145.39
01/11/2019,143.80
01/10/2019,144.20
01/09/2019,144.23
01/08/2019,142.53
01/07/2019,138.05
01/04/2019,137.95
01/03/2019,131.74
01/02/2019,135.68
12/31/2018,131.09
12/28/2018,133.20
12/27/2018,134.52
12/26/2018,134.18
12/24/2018,124.06
12/21/2018,124.95
12/20/2018,133.40
12/19/2018,133.24
12/18/2018,143.66
12/17/2018,140.19
12/14/2018,144.06
12/13/2018,145.01
12/12/2018,144.50
12/11/2018,142.08
12/10/2018,141.85
12/07/2018,137.42
12/06/2018,139.63
12/04/2018,137.93
12/03/2018,141.09
11/30/2018,140.61
11/29/2018,138.68
11/28/2018,136.76
11/27/2018,135.00
11/26/2018,136.38
11/23/2018,131.73
11/21/2018,134.82
11/20/2018,132.43
11/19/2018,131.55
11/16/2018,139.53
11/15/2018,143.85
11/14/2018,144.22
11/13/2018,142.16
11/12/2018,141.55
11/09/2018,144.96
11/08/2018,147.87
11/07/2018,151.53
11/06/2018,149.94
11/05/2018,148.68
11/02/2018,150.35
11/01/2018,151.75
10/31/2018,151.79
10/30/2018,146.22
10/29/2018,142.09
10/26/2018,145.37
10/25/2018,150.95
10/24/2018,146.04
10/23/2018,154.39
10/22/2018,154.78
10/19/2018,154.05
10/18/2018,154.92
10/17/2018,159.42
10/16/2018,158.78
10/15/2018,153.52
10/12/2018,153.74
10/11/2018,153.35
10/10/2018,151.38
10/09/2018,157.90
10/08/2018,157.25
10/05/2018,157.33
10/04/2018,158.85
10/03/2018,162.43
10/02/2018,159.33
10/01/2018,162.44
09/28/2018,164.46
09/27/2018,168.84
09/26/2018,166.95
09/25/2018,164.91
09/24/2018,165.41
09/21/2018,162.93
09/20/2018,166.02
09/19/2018,163.06
09/18/2018,160.30
09/17/2018,160.58
09/14/2018,162.32
09/13/2018,161.36
09/12/2018,162.00
09/11/2018,165.94
09/10/2018,164.18
09/07/2018,163.04
09/06/2018,162.53
09/05/2018,167.18
09/04/2018,171.16
08/31/2018,175.73
08/30/2018,177.64
08/29/2018,175.90
08/28/2018,176.26
08/27/2018,177.46
08/24/2018,174.645
08/23/2018,172.90
08/22/2018,173.64
08/21/2018,172.62
08/20/2018,172.50
08/17/2018,173.80
08/16/2018,174.70
08/15/2018,179.53
08/14/2018,181.11
08/13/2018,180.05
08/10/2018,180.26
08/09/2018,183.09
08/08/2018,185.18
08/07/2018,183.81
08/06/2018,185.69
08/03/2018,177.78
08/02/2018,176.37
08/01/2018,171.65
07/31/2018,172.58
07/30/2018,171.06
07/27/2018,174.89
07/26/2018,176.26
07/25/2018,217.50
07/24/2018,214.67
07/23/2018,210.91
07/20/2018,209.94
07/19/2018,208.09
07/18/2018,209.36
07/17/2018,209.99
07/16/2018,207.23
07/13/2018,207.32
07/12/2018,206.92
07/11/2018,202.54
07/10/2018,203.54
07/09/2018,204.74
07/06/2018,203.23
07/05/2018,198.45
07/03/2018,192.73
07/02/2018,197.36
06/29/2018,194.32
06/28/2018,196.23
06/27/2018,195.84
06/26/2018,199.00
06/25/2018,196.35
06/22/2018,201.74
06/21/2018,201.50
06/20/2018,202.00
06/19/2018,197.49
06/18/2018,198.31
06/15/2018,195.85
06/14/2018,196.81
06/13/2018,192.41
06/12/2018,192.40
06/11/2018,191.54
06/08/2018,189.10
06/07/2018,188.18
06/06/2018,191.34
06/05/2018,192.94
06/04/2018,193.28
06/01/2018,193.99
05/31/2018,191.78
05/30/2018,187.67
05/29/2018,185.74
05/25/2018,184.92
05/24/2018,185.93
05/23/2018,186.90
05/22/2018,183.80
05/21/2018,184.49
05/18/2018,182.68
05/17/2018,183.76
05/16/2018,183.20
05/15/2018,184.32
05/14/2018,186.64
05/11/2018,186.99
05/10/2018,185.53
05/09/2018,182.66
05/08/2018,178.92
05/07/2018,177.97
05/04/2018,176.61
05/03/2018,174.02
05/02/2018,176.07
05/01/2018,173.86
04/30/2018,172.00
04/27/2018,173.59
04/26/2018,174.16
04/25/2018,159.69
04/24/2018,159.69
04/23/2018,165.84
04/20/2018,166.28
04/19/2018,168.10
04/18/2018,166.36
04/17/2018,168.66
04/16/2018,164.83
04/13/2018,164.52
04/12/2018,163.87
04/11/2018,166.32
04/10/2018,165.04
04/09/2018,157.93
04/06/2018,157.20
04/05/2018,159.34
04/04/2018,155.10
04/03/2018,156.11
04/02/2018,155.39
03/29/2018,159.79
03/28/2018,153.03
03/27/2018,152.22
03/26/2018,160.06
03/23/2018,159.39
03/22/2018,164.89
03/21/2018,169.39
03/20/2018,168.15
03/19/2018,172.56
03/16/2018,185.09
03/15/2018,183.86
03/14/2018,184.19
03/13/2018,181.88
03/12/2018,184.76
03/09/2018,185.23
03/08/2018,182.34
03/07/2018,183.71
03/06/2018,179.78
03/05/2018,180.40
03/02/2018,176.62
03/01/2018,175.94
02/28/2018,178.32
02/27/2018,181.46
02/26/2018,184.93
02/23/2018,183.29
02/22/2018,178.99
02/21/2018,177.91
02/20/2018,176.01
02/16/2018,177.36
02/15/2018,179.96
02/14/2018,179.52
02/13/2018,173.15
02/12/2018,176.41
02/09/2018,176.11
02/08/2018,171.58
02/07/2018,180.18
02/06/2018,185.31
02/05/2018,181.26
02/02/2018,190.28
02/01/2018,193.09
01/31/2018,186.89
01/30/2018,187.12
01/29/2018,185.98
01/26/2018,190.00
01/25/2018,187.48
01/24/2018,186.55
01/23/2018,189.35
01/22/2018,185.37
01/19/2018,181.29
01/18/2018,179.80
01/17/2018,177.60
01/16/2018,178.39
01/12/2018,179.37
01/11/2018,187.77
01/10/2018,187.84
01/09/2018,187.87
01/08/2018,188.28
01/05/2018,186.85
01/04/2018,184.33
01/03/2018,184.67
01/02/2018,181.42
12/29/2017,176.46
12/28/2017,177.92
12/27/2017,177.62
12/26/2017,175.99
12/22/2017,177.20
12/21/2017,177.45
12/20/2017,177.89
12/19/2017,179.51
12/18/2017,180.82
12/15/2017,180.18
12/14/2017,178.39
12/13/2017,178.30
12/12/2017,176.96
12/11/2017,179.04
12/08/2017,179.00
12/07/2017,180.14
12/06/2017,176.06
12/05/2017,172.83
12/04/2017,171.47
12/01/2017,175.10
11/30/2017,177.18
11/29/2017,175.13
11/28/2017,182.42
11/27/2017,183.03
11/24/2017,182.78
11/22/2017,180.87
11/21/2017,181.86
11/20/2017,178.74
11/17/2017,179.00
11/16/2017,179.59
11/15/2017,177.95
11/14/2017,178.07
11/13/2017,178.77
11/10/2017,178.46
11/09/2017,179.30
11/08/2017,179.56
11/07/2017,180.25
11/06/2017,180.17
11/03/2017,178.92
11/02/2017,178.92
11/01/2017,182.66
10/31/2017,180.06
10/30/2017,179.87
10/27/2017,177.88
10/26/2017,170.63
10/25/2017,170.60
10/24/2017,171.80
10/23/2017,171.27
10/20/2017,174.98
10/19/2017,174.56
10/18/2017,176.03
10/17/2017,176.11
10/16/2017,174.52
10/13/2017,173.74
10/12/2017,172.55
10/11/2017,172.74
10/10/2017,171.59
10/09/2017,172.50
10/06/2017,172.23
10/05/2017,171.24
10/04/2017,168.42
10/03/2017,169.96
10/02/2017,169.47
09/29/2017,170.87
09/28/2017,168.73
09/27/2017,167.68
09/26/2017,164.21
09/25/2017,162.87
09/22/2017,170.54
09/21/2017,171.11
09/20/2017,172.17
09/19/2017,172.52
09/18/2017,170.01
09/15/2017,171.64
09/14/2017,170.96
09/13/2017,173.05
09/12/2017,172.96
09/11/2017,173.51
09/08/2017,170.95
09/07/2017,173.21
09/06/2017,172.09
09/05/2017,170.72
09/01/2017,172.02
08/31/2017,171.97
08/30/2017,169.92
08/29/2017,168.05
08/28/2017,167.24
08/25/2017,166.32
08/24/2017,167.74
08/23/2017,168.71
08/22/2017,169.64
08/21/2017,167.78
08/18/2017,167.41
08/17/2017,166.91
08/16/2017,170.00
08/15/2017,171.00
08/14/2017,170.75
08/11/2017,168.08
08/10/2017,167.40
08/09/2017,171.18
08/08/2017,171.23
08/07/2017,171.98
08/04/2017,169.62
08/03/2017,168.59
08/02/2017,169.30
08/01/2017,169.86
07/31/2017,169.25
07/28/2017,172.45
07/27/2017,170.44
07/26/2017,165.61
07/25/2017,165.28
07/24/2017,166.00
07/21/2017,164.43
07/20/2017,164.53
07/19/2017,164.14
07/18/2017,162.86
07/17/2017,159.73
07/14/2017,159.97
07/13/2017,159.26
07/12/2017,158.90
07/11/2017,155.27
07/10/2017,153.50
07/07/2017,151.44
07/06/2017,148.82
07/05/2017,150.34
07/03/2017,148.43
06/30/2017,150.98
06/29/2017,151.04
06/28/2017,153.24
06/27/2017,150.58
06/26/2017,153.59
06/23/2017,155.07
06/22/2017,153.40
06/21/2017,153.91
06/20/2017,152.25
06/19/2017,152.87
06/16/2017,150.64
06/15/2017,149.80
06/14/2017,150.25
06/13/2017,150.68
06/12/2017,148.44
06/09/2017,149.60
06/08/2017,154.71
06/07/2017,153.12
06/06/2017,152.81
06/05/2017,153.63
06/02/2017,153.61
06/01/2017,151.53
05/31/2017,151.46
05/30/2017,152.38
05/26/2017,152.13
05/25/2017,151.96
05/24/2017,150.04
05/23/2017,148.07
05/22/2017,148.24
05/19/2017,148.06
05/18/2017,147.66
05/17/2017,144.85
05/16/2017,149.78
05/15/2017,150.19
05/12/2017,150.33
05/11/2017,150.04
05/10/2017,150.29
05/09/2017,150.48
05/08/2017,151.06
05/05/2017,150.24
05/04/2017,150.85
05/03/2017,151.80
05/02/2017,152.78
05/01/2017,152.46
04/28/2017,150.25
04/27/2017,147.70
04/26/2017,146.56
04/25/2017,146.49
04/24/2017,145.47
04/21/2017,143.68
04/20/2017,143.80
04/19/2017,142.27
04/18/2017,140.96
04/17/2017,141.42
04/13/2017,139.39
04/12/2017,139.58
04/11/2017,139.92
04/10/2017,141.04
04/07/2017,140.78
04/06/2017,141.17
04/05/2017,141.85
04/04/2017,141.73
04/03/2017,142.28
03/31/2017,142.05
03/30/2017,142.41
03/29/2017,142.65
03/28/2017,141.76
03/27/2017,140.32
03/24/2017,140.34
03/23/2017,139.53
03/22/2017,139.59
03/21/2017,138.51
03/20/2017,139.94
03/17/2017,139.84
03/16/2017,139.99
03/15/2017,139.72
03/14/2017,139.32
03/13/2017,139.60
03/10/2017,138.79
03/09/2017,138.24
03/08/2017,137.72
03/07/2017,137.30
03/06/2017,137.42
03/03/2017,137.17
03/02/2017,136.76
03/01/2017,137.42
02/28/2017,135.54
02/27/2017,136.41
02/24/2017,135.44
02/23/2017,135.36
02/22/2017,136.12
02/21/2017,133.72
02/17/2017,133.53
02/16/2017,133.84
02/15/2017,133.44
02/14/2017,133.85
02/13/2017,134.05
02/10/2017,134.19
02/09/2017,134.14
02/08/2017,134.20
02/07/2017,131.84
02/06/2017,132.06
02/03/2017,130.98
02/02/2017,130.84
02/01/2017,133.23
01/31/2017,130.32
01/30/2017,130.98
01/27/2017,132.18
01/26/2017,132.78
01/25/2017,131.48
01/24/2017,129.37
01/23/2017,128.93
01/20/2017,127.04
01/19/2017,127.55
01/18/2017,127.92
01/17/2017,127.87
01/13/2017,128.34
01/12/2017,126.62
01/11/2017,126.09
01/10/2017,124.35
01/09/2017,124.90
01/06/2017,123.41
01/05/2017,120.67
01/04/2017,118.69
01/03/2017,116.86
12/30/2016,115.05
12/29/2016,116.35
12/28/2016,116.92
12/27/2016,118.01
12/23/2016,117.27
12/22/2016,117.40
12/21/2016,119.04
12/20/2016,119.09
12/19/2016,119.24
12/16/2016,119.87
12/15/2016,120.57
12/14/2016,120.21
12/13/2016,120.31
12/12/2016,117.77
12/09/2016,119.68
12/08/2016,118.91
12/07/2016,117.95
12/06/2016,117.31
12/05/2016,117.43
12/02/2016,115.40
12/01/2016,115.10
11/30/2016,118.42
11/29/2016,120.87
11/28/2016,120.41
11/25/2016,120.38
11/23/2016,120.84
11/22/2016,121.47
11/21/2016,121.77
11/18/2016,117.02
11/17/2016,117.79
11/16/2016,116.34
11/15/2016,117.20
11/14/2016,115.08
11/11/2016,119.02
11/10/2016,120.80
11/09/2016,123.18
11/08/2016,124.22
11/07/2016,122.15
11/04/2016,120.75
11/03/2016,120.00
11/02/2016,127.17
11/01/2016,129.50
10/31/2016,130.99
10/28/2016,131.29
10/27/2016,129.69
10/26/2016,131.04
10/25/2016,132.29
10/24/2016,133.28
10/21/2016,132.07
10/20/2016,130.00
10/19/2016,130.11
10/18/2016,128.57
10/17/2016,127.54
10/14/2016,127.88
10/13/2016,127.82
10/12/2016,129.05
10/11/2016,128.88
10/10/2016,130.24
10/07/2016,128.99
