date,tranche,action,reason,cash,spot,message
2016-11-07,A,OPEN,NEW_ENTRY,180.00,122.15,"Sell 3x 132C 2016-12-09 (32 DTE, delta 0.14), credit 0.60 start / 0.60 floor. Spot 122.15."
2016-11-07,B,OPEN,NEW_ENTRY,153.00,122.15,"Sell 3x 136C 2016-12-23 (46 DTE, delta 0.11), credit 0.51 start / 0.51 floor. Spot 122.15."
2016-11-11,A,CLOSE,PROFIT_TARGET,-57.00,119.02,"Profit target hit. 132C 2016-12-09 | spot 119.02 | DTE 28 | profit 68%"
2016-11-11,B,CLOSE,PROFIT_TARGET,-57.00,119.02,"Profit target hit. 136C 2016-12-23 | spot 119.02 | DTE 42 | profit 63%"
2016-11-14,A,OPEN,NEW_ENTRY,186.00,115.08,"Sell 3x 124C 2016-12-16 (32 DTE, delta 0.16), credit 0.62 start / 0.62 floor. Spot 115.08."
2016-11-14,B,OPEN,NEW_ENTRY,150.00,115.08,"Sell 3x 128C 2016-12-30 (46 DTE, delta 0.11), credit 0.50 start / 0.50 floor. Spot 115.08."
2016-11-21,A,ROLL,PROXIMITY,39.00,121.77,"Spot within 2% of strike. 124C 2016-12-16 | spot 121.77 | DTE 25 | profit -309% -> roll to 126C 2016-12-30 (39 DTE, delta 0.38), net credit 0.14 start / 0.13 floor."
2016-11-30,A,CLOSE,PROFIT_TARGET,-360.00,118.42,"Profit target hit. 126C 2016-12-30 | spot 118.42 | DTE 30 | profit 55%"
2016-12-01,A,OPEN,NEW_ENTRY,195.00,115.10,"Sell 3x 126C 2016-12-30 (29 DTE, delta 0.14), credit 0.65 start / 0.65 floor. Spot 115.10."
2016-12-09,A,CLOSE,TIME_STOP_ROLL,-333.00,119.68,"21 DTE with < 40% profit. 126C 2016-12-30 | spot 119.68 | DTE 21 | profit -71% No credit roll available: closing."
2016-12-09,B,CLOSE,TIME_STOP_ROLL,-216.00,119.68,"21 DTE with < 40% profit. 128C 2016-12-30 | spot 119.68 | DTE 21 | profit -45% No credit roll available: closing."
2016-12-12,A,OPEN,NEW_ENTRY,231.00,117.77,"Sell 3x 129C 2017-01-13 (32 DTE, delta 0.16), credit 0.77 start / 0.77 floor. Spot 117.77."
2016-12-22,A,CLOSE,PROFIT_TARGET,-96.00,117.40,"Profit target hit. 129C 2017-01-13 | spot 117.40 | DTE 22 | profit 58%"
2017-02-06,B,OPEN,NEW_ENTRY,165.00,132.06,"Sell 3x 147C 2017-03-24 (46 DTE, delta 0.11), credit 0.55 start / 0.55 floor. Spot 132.06."
2017-02-07,A,OPEN,NEW_ENTRY,201.00,131.84,"Sell 3x 142C 2017-03-10 (31 DTE, delta 0.15), credit 0.67 start / 0.67 floor. Spot 131.84."
2017-02-17,A,ROLL,TIME_STOP_ROLL,36.00,133.53,"21 DTE with < 40% profit. 142C 2017-03-10 | spot 133.53 | DTE 21 | profit 19% -> roll to 145C 2017-03-24 (35 DTE, delta 0.14), net credit 0.12 start / 0.11 floor."
2017-03-03,A,ROLL,TIME_STOP_ROLL,18.00,137.17,"21 DTE with < 40% profit. 145C 2017-03-24 | spot 137.17 | DTE 21 | profit -4% -> roll to 150C 2017-04-13 (41 DTE, delta 0.14), net credit 0.05 start / 0.05 floor."
2017-03-03,B,ROLL,TIME_STOP_ROLL,42.00,137.17,"21 DTE with < 40% profit. 147C 2017-03-24 | spot 137.17 | DTE 21 | profit 24% -> roll to 150C 2017-04-07 (35 DTE, delta 0.12), net credit 0.14 start / 0.13 floor."
2017-03-17,B,ROLL,TIME_STOP_ROLL,60.00,139.84,"21 DTE with < 40% profit. 150C 2017-04-07 | spot 139.84 | DTE 21 | profit 27% -> earnings-buffer roll to 152.5C 2017-04-21 (35 DTE, delta 0.13), net credit 0.20 start / 0.20 floor."
2017-03-21,A,CLOSE,PROFIT_TARGET,-102.00,138.51,"Profit target hit. 150C 2017-04-13 | spot 138.51 | DTE 23 | profit 54%"
2017-03-31,B,CLOSE,TIME_STOP_ROLL,-120.00,142.05,"21 DTE with < 40% profit. 152.5C 2017-04-21 | spot 142.05 | DTE 21 | profit 34% No credit roll available: closing."
2017-05-08,B,OPEN,NEW_ENTRY,210.00,151.06,"Sell 3x 167.5C 2017-06-23 (46 DTE, delta 0.12), credit 0.70 start / 0.70 floor. Spot 151.06."
2017-05-09,A,OPEN,NEW_ENTRY,213.00,150.48,"Sell 3x 162.5C 2017-06-09 (31 DTE, delta 0.14), credit 0.71 start / 0.71 floor. Spot 150.48."
2017-05-17,A,CLOSE,PROFIT_TARGET,-24.00,144.85,"Profit target hit. 162.5C 2017-06-09 | spot 144.85 | DTE 23 | profit 89%"
2017-05-17,B,CLOSE,PROFIT_TARGET,-33.00,144.85,"Profit target hit. 167.5C 2017-06-23 | spot 144.85 | DTE 37 | profit 84%"
2017-05-19,A,OPEN,NEW_ENTRY,249.00,148.06,"Sell 3x 160C 2017-06-23 (35 DTE, delta 0.16), credit 0.83 start / 0.83 floor. Spot 148.06."
2017-05-19,B,OPEN,NEW_ENTRY,204.00,148.06,"Sell 3x 165C 2017-07-07 (49 DTE, delta 0.12), credit 0.68 start / 0.68 floor. Spot 148.06."
2017-06-02,A,CLOSE,TIME_STOP_ROLL,-369.00,153.61,"21 DTE with < 40% profit. 160C 2017-06-23 | spot 153.61 | DTE 21 | profit -48% No credit roll available: closing."
2017-06-06,A,OPEN,NEW_ENTRY,216.00,152.81,"Sell 3x 165C 2017-07-07 (31 DTE, delta 0.14), credit 0.72 start / 0.72 floor. Spot 152.81."
2017-06-09,A,CLOSE,PROFIT_TARGET,-87.00,149.60,"Profit target hit. 165C 2017-07-07 | spot 149.60 | DTE 28 | profit 60%"
2017-06-09,B,CLOSE,PROFIT_TARGET,-87.00,149.60,"Profit target hit. 165C 2017-07-07 | spot 149.60 | DTE 28 | profit 57%"
2017-07-31,A,OPEN,NEW_ENTRY,264.00,169.25,"Sell 3x 182.5C 2017-09-01 (32 DTE, delta 0.15), credit 0.88 start / 0.88 floor. Spot 169.25."
2017-07-31,B,OPEN,NEW_ENTRY,240.00,169.25,"Sell 3x 187.5C 2017-09-15 (46 DTE, delta 0.12), credit 0.80 start / 0.80 floor. Spot 169.25."
2017-08-10,A,CLOSE,PROFIT_TARGET,-87.00,167.40,"Profit target hit. 182.5C 2017-09-01 | spot 167.40 | DTE 22 | profit 67%"
2017-08-10,B,CLOSE,PROFIT_TARGET,-102.00,167.40,"Profit target hit. 187.5C 2017-09-15 | spot 167.40 | DTE 36 | profit 58%"
2017-08-11,A,OPEN,NEW_ENTRY,258.00,168.08,"Sell 3x 180C 2017-09-08 (28 DTE, delta 0.16), credit 0.86 start / 0.86 floor. Spot 168.08."
2017-08-11,B,OPEN,NEW_ENTRY,237.00,168.08,"Sell 3x 185C 2017-09-22 (42 DTE, delta 0.13), credit 0.79 start / 0.79 floor. Spot 168.08."
2017-08-18,A,CLOSE,TIME_STOP_PROFIT,-135.00,167.41,"21 DTE with >= 40% profit. 180C 2017-09-08 | spot 167.41 | DTE 21 | profit 48%"
2017-08-22,A,OPEN,NEW_ENTRY,267.00,169.64,"Sell 3x 182.5C 2017-09-22 (31 DTE, delta 0.16), credit 0.89 start / 0.89 floor. Spot 169.64."
2017-08-24,B,CLOSE,PROFIT_TARGET,-105.00,167.74,"Profit target hit. 185C 2017-09-22 | spot 167.74 | DTE 29 | profit 56%"
2017-08-25,A,CLOSE,PROFIT_TARGET,-114.00,166.32,"Profit target hit. 182.5C 2017-09-22 | spot 166.32 | DTE 28 | profit 57%"
2017-08-25,B,OPEN,NEW_ENTRY,177.00,166.32,"Sell 3x 185C 2017-10-06 (42 DTE, delta 0.10), credit 0.59 start / 0.59 floor. Spot 166.32."
2017-08-28,A,OPEN,NEW_ENTRY,273.00,167.24,"Sell 3x 180C 2017-09-29 (32 DTE, delta 0.16), credit 0.91 start / 0.91 floor. Spot 167.24."
2017-09-08,A,CLOSE,TIME_STOP_ROLL,-291.00,170.95,"21 DTE with < 40% profit. 180C 2017-09-29 | spot 170.95 | DTE 21 | profit -7% No credit roll available: closing."
2017-09-11,A,OPEN,NEW_ENTRY,252.00,173.51,"Sell 3x 187.5C 2017-10-13 (32 DTE, delta 0.14), credit 0.84 start / 0.84 floor. Spot 173.51."
2017-09-15,B,ROLL,TIME_STOP_ROLL,90.00,171.64,"21 DTE with < 40% profit. 185C 2017-10-06 | spot 171.64 | DTE 21 | profit 29% -> earnings-buffer roll to 187.5C 2017-10-20 (35 DTE, delta 0.12), net credit 0.30 start / 0.29 floor."
2017-09-18,A,CLOSE,PROFIT_TARGET,-75.00,170.01,"Profit target hit. 187.5C 2017-10-13 | spot 170.01 | DTE 25 | profit 70%"
2017-09-25,B,CLOSE,PROFIT_TARGET,-12.00,162.87,"Profit target hit. 187.5C 2017-10-20 | spot 162.87 | DTE 25 | profit 94%"
2017-11-06,B,OPEN,NEW_ENTRY,291.00,180.17,"Sell 3x 202.5C 2017-12-22 (46 DTE, delta 0.12), credit 0.97 start / 0.97 floor. Spot 180.17."
2017-11-08,B,CLOSE,PROFIT_TARGET,-144.00,179.56,"Profit target hit. 202.5C 2017-12-22 | spot 179.56 | DTE 44 | profit 51%"
2017-11-09,A,OPEN,NEW_ENTRY,270.00,179.30,"Sell 3x 192.5C 2017-12-08 (29 DTE, delta 0.15), credit 0.90 start / 0.90 floor. Spot 179.30."
2017-11-09,B,OPEN,NEW_ENTRY,261.00,179.30,"Sell 3x 197.5C 2017-12-22 (43 DTE, delta 0.13), credit 0.87 start / 0.87 floor. Spot 179.30."
2017-11-17,A,CLOSE,TIME_STOP_PROFIT,-141.00,179.00,"21 DTE with >= 40% profit. 192.5C 2017-12-08 | spot 179.00 | DTE 21 | profit 47%"
2017-11-20,A,OPEN,NEW_ENTRY,288.00,178.74,"Sell 3x 192.5C 2017-12-22 (32 DTE, delta 0.16), credit 0.96 start / 0.96 floor. Spot 178.74."
2017-11-20,B,CLOSE,PROFIT_TARGET,-129.00,178.74,"Profit target hit. 197.5C 2017-12-22 | spot 178.74 | DTE 32 | profit 50%"
2017-11-21,B,OPEN,NEW_ENTRY,216.00,181.86,"Sell 3x 202.5C 2018-01-05 (45 DTE, delta 0.11), credit 0.72 start / 0.72 floor. Spot 181.86."
2017-11-29,A,CLOSE,PROFIT_TARGET,-87.00,175.13,"Profit target hit. 192.5C 2017-12-22 | spot 175.13 | DTE 23 | profit 70%"
2017-11-29,B,CLOSE,PROFIT_TARGET,-51.00,175.13,"Profit target hit. 202.5C 2018-01-05 | spot 175.13 | DTE 37 | profit 76%"
2017-11-30,B,OPEN,NEW_ENTRY,225.00,177.18,"Sell 3x 197.5C 2018-01-12 (43 DTE, delta 0.11), credit 0.75 start / 0.75 floor. Spot 177.18."
2017-12-01,A,OPEN,NEW_ENTRY,321.00,175.10,"Sell 3x 190C 2018-01-05 (35 DTE, delta 0.16), credit 1.08 start / 1.07 floor. Spot 175.10."
2017-12-04,B,CLOSE,PROFIT_TARGET,-87.00,171.47,"Profit target hit. 197.5C 2018-01-12 | spot 171.47 | DTE 39 | profit 61%"
2017-12-15,A,ROLL,TIME_STOP_ROLL,0.00,180.18,"21 DTE with < 40% profit. 190C 2018-01-05 | spot 180.18 | DTE 21 | profit 9% -> earnings-buffer roll to 195C 2018-01-19 (35 DTE, delta 0.15), net credit 0.00 start / 0.00 floor."
2017-12-21,A,CLOSE,PROFIT_TARGET,-126.00,177.45,"Profit target hit. 195C 2018-01-19 | spot 177.45 | DTE 29 | profit 57%"
2018-02-05,A,OPEN,NEW_ENTRY,399.00,181.26,"Sell 3x 200C 2018-03-09 (32 DTE, delta 0.16), credit 1.34 start / 1.33 floor. Spot 181.26."
2018-02-05,B,OPEN,NEW_ENTRY,285.00,181.26,"Sell 3x 210C 2018-03-23 (46 DTE, delta 0.11), credit 0.95 start / 0.95 floor. Spot 181.26."
2018-02-08,A,CLOSE,PROFIT_TARGET,-180.00,171.58,"Profit target hit. 200C 2018-03-09 | spot 171.58 | DTE 29 | profit 55%"
2018-02-09,A,OPEN,NEW_ENTRY,423.00,176.11,"Sell 3x 197.5C 2018-03-09 (28 DTE, delta 0.15), credit 1.41 start / 1.41 floor. Spot 176.11."
2018-02-16,A,ROLL,TIME_STOP_ROLL,183.00,177.36,"21 DTE with < 40% profit. 197.5C 2018-03-09 | spot 177.36 | DTE 21 | profit 23% -> roll to 205C 2018-03-29 (41 DTE, delta 0.15), net credit 0.61 start / 0.60 floor."
2018-02-28,B,CLOSE,PROFIT_TARGET,-93.00,178.32,"Profit target hit. 210C 2018-03-23 | spot 178.32 | DTE 23 | profit 67%"
2018-03-01,A,CLOSE,PROFIT_TARGET,-192.00,175.94,"Profit target hit. 205C 2018-03-29 | spot 175.94 | DTE 28 | profit 62%"
2018-03-05,A,OPEN,NEW_ENTRY,438.00,180.40,"Sell 3x 205C 2018-04-06 (32 DTE, delta 0.15), credit 1.46 start / 1.46 floor. Spot 180.40."
2018-03-16,A,ROLL,TIME_STOP_ROLL,84.00,185.09,"21 DTE with < 40% profit. 205C 2018-04-06 | spot 185.09 | DTE 21 | profit 23% -> earnings-buffer roll to 207.5C 2018-04-13 (28 DTE, delta 0.15), net credit 0.29 start / 0.28 floor."
2018-03-19,A,CLOSE,PROFIT_TARGET,-141.00,172.56,"Profit target hit. 207.5C 2018-04-13 | spot 172.56 | DTE 25 | profit 66%"
2018-04-30,A,OPEN,NEW_ENTRY,480.00,172.00,"Sell 3x 200C 2018-06-01 (32 DTE, delta 0.15), credit 1.60 start / 1.60 floor. Spot 172.00."
2018-04-30,B,OPEN,NEW_ENTRY,390.00,172.00,"Sell 3x 212.5C 2018-06-15 (46 DTE, delta 0.11), credit 1.31 start / 1.30 floor. Spot 172.00."
2018-05-11,A,CLOSE,TIME_STOP_ROLL,-516.00,186.99,"21 DTE with < 40% profit. 200C 2018-06-01 | spot 186.99 | DTE 21 | profit -7% No credit roll available: closing."
2018-05-14,B,CLOSE,PROFIT_TARGET,-171.00,186.64,"Profit target hit. 212.5C 2018-06-15 | spot 186.64 | DTE 32 | profit 56%"
2018-05-15,A,OPEN,NEW_ENTRY,327.00,184.32,"Sell 3x 202.5C 2018-06-15 (31 DTE, delta 0.14), credit 1.09 start / 1.09 floor. Spot 184.32."
2018-05-15,B,OPEN,NEW_ENTRY,282.00,184.32,"Sell 3x 210C 2018-06-29 (45 DTE, delta 0.11), credit 0.94 start / 0.94 floor. Spot 184.32."
2018-05-22,A,CLOSE,PROFIT_TARGET,-153.00,183.80,"Profit target hit. 202.5C 2018-06-15 | spot 183.80 | DTE 24 | profit 53%"
2018-05-23,B,CLOSE,PROFIT_TARGET,-123.00,186.90,"Profit target hit. 210C 2018-06-29 | spot 186.90 | DTE 37 | profit 56%"
2018-05-24,A,OPEN,NEW_ENTRY,282.00,185.93,"Sell 3x 200C 2018-06-22 (29 DTE, delta 0.15), credit 0.94 start / 0.94 floor. Spot 185.93."
2018-05-24,B,OPEN,NEW_ENTRY,207.00,185.93,"Sell 3x 207.5C 2018-07-06 (43 DTE, delta 0.10), credit 0.69 start / 0.69 floor. Spot 185.93."
2018-06-01,A,CLOSE,TIME_STOP_ROLL,-630.00,193.99,"21 DTE with < 40% profit. 200C 2018-06-22 | spot 193.99 | DTE 21 | profit -123% No credit roll available: closing."
2018-06-05,A,OPEN,NEW_ENTRY,306.00,192.94,"Sell 3x 207.5C 2018-07-06 (31 DTE, delta 0.16), credit 1.02 start / 1.02 floor. Spot 192.94."
2018-06-07,A,CLOSE,PROFIT_TARGET,-117.00,188.18,"Profit target hit. 207.5C 2018-07-06 | spot 188.18 | DTE 29 | profit 61%"
2018-06-08,A,OPEN,NEW_ENTRY,291.00,189.10,"Sell 3x 202.5C 2018-07-06 (28 DTE, delta 0.16), credit 0.97 start / 0.97 floor. Spot 189.10."
2018-06-15,A,CLOSE,TIME_STOP_ROLL,-585.00,195.85,"21 DTE with < 40% profit. 202.5C 2018-07-06 | spot 195.85 | DTE 21 | profit -101% No credit roll available: closing."
2018-06-15,B,CLOSE,TIME_STOP_ROLL,-270.00,195.85,"21 DTE with < 40% profit. 207.5C 2018-07-06 | spot 195.85 | DTE 21 | profit -30% No credit roll available: closing."
2018-07-30,B,OPEN,NEW_ENTRY,264.00,171.06,"Sell 3x 192.5C 2018-09-14 (46 DTE, delta 0.12), credit 0.88 start / 0.88 floor. Spot 171.06."
2018-07-31,A,OPEN,NEW_ENTRY,306.00,172.58,"Sell 3x 187.5C 2018-08-31 (31 DTE, delta 0.16), credit 1.03 start / 1.02 floor. Spot 172.58."
2018-08-06,A,ROLL,PROXIMITY,150.00,185.69,"Spot within 2% of strike. 187.5C 2018-08-31 | spot 185.69 | DTE 25 | profit -404% -> roll to 190C 2018-09-14 (39 DTE, delta 0.44), net credit 0.49 start / 0.45 floor."
2018-08-13,A,CLOSE,PROFIT_TARGET,-786.00,180.05,"Profit target hit. 190C 2018-09-14 | spot 180.05 | DTE 32 | profit 54%"
2018-08-20,B,CLOSE,PROFIT_TARGET,-96.00,172.50,"Profit target hit. 192.5C 2018-09-14 | spot 172.50 | DTE 25 | profit 64%"
2018-08-21,A,OPEN,NEW_ENTRY,321.00,172.62,"Sell 3x 187.5C 2018-09-21 (31 DTE, delta 0.16), credit 1.07 start / 1.07 floor. Spot 172.62."
2018-08-21,B,OPEN,NEW_ENTRY,243.00,172.62,"Sell 3x 195C 2018-10-05 (45 DTE, delta 0.11), credit 0.81 start / 0.81 floor. Spot 172.62."
2018-08-31,A,ROLL,TIME_STOP_ROLL,30.00,175.73,"21 DTE with < 40% profit. 187.5C 2018-09-21 | spot 175.73 | DTE 21 | profit 11% -> roll to 192.5C 2018-10-05 (35 DTE, delta 0.15), net credit 0.10 start / 0.10 floor."
2018-09-04,A,CLOSE,PROFIT_TARGET,-150.00,171.16,"Profit target hit. 192.5C 2018-10-05 | spot 171.16 | DTE 31 | profit 52%"
2018-09-04,B,CLOSE,PROFIT_TARGET,-102.00,171.16,"Profit target hit. 195C 2018-10-05 | spot 171.16 | DTE 31 | profit 58%"
2018-09-07,A,OPEN,NEW_ENTRY,333.00,163.04,"Sell 3x 180C 2018-10-12 (35 DTE, delta 0.15), credit 1.11 start / 1.11 floor. Spot 163.04."
2018-09-17,A,CLOSE,PROFIT_TARGET,-93.00,160.58,"Profit target hit. 180C 2018-10-12 | spot 160.58 | DTE 25 | profit 72%"
2018-11-02,A,OPEN,NEW_ENTRY,387.00,150.35,"Sell 3x 172.5C 2018-12-07 (35 DTE, delta 0.15), credit 1.30 start / 1.29 floor. Spot 150.35."
2018-11-02,B,OPEN,NEW_ENTRY,336.00,150.35,"Sell 3x 177.5C 2018-12-14 (42 DTE, delta 0.12), credit 1.13 start / 1.12 floor. Spot 150.35."
2018-11-09,A,CLOSE,PROFIT_TARGET,-114.00,144.96,"Profit target hit. 172.5C 2018-12-07 | spot 144.96 | DTE 28 | profit 70%"
2018-11-09,B,CLOSE,PROFIT_TARGET,-111.00,144.96,"Profit target hit. 177.5C 2018-12-14 | spot 144.96 | DTE 35 | profit 67%"
2018-11-12,B,OPEN,NEW_ENTRY,279.00,141.55,"Sell 3x 170C 2018-12-28 (46 DTE, delta 0.11), credit 0.93 start / 0.93 floor. Spot 141.55."
2018-11-15,A,OPEN,NEW_ENTRY,330.00,143.85,"Sell 3x 162.5C 2018-12-14 (29 DTE, delta 0.15), credit 1.10 start / 1.10 floor. Spot 143.85."
2018-11-19,A,CLOSE,PROFIT_TARGET,-54.00,131.55,"Profit target hit. 162.5C 2018-12-14 | spot 131.55 | DTE 25 | profit 84%"
2018-11-19,B,CLOSE,PROFIT_TARGET,-78.00,131.55,"Profit target hit. 170C 2018-12-28 | spot 131.55 | DTE 39 | profit 72%"
2018-11-20,A,OPEN,NEW_ENTRY,369.00,132.43,"Sell 3x 152C 2018-12-21 (31 DTE, delta 0.15), credit 1.24 start / 1.23 floor. Spot 132.43."
2018-11-20,B,OPEN,NEW_ENTRY,303.00,132.43,"Sell 3x 161C 2019-01-04 (45 DTE, delta 0.11), credit 1.01 start / 1.01 floor. Spot 132.43."
2018-11-30,A,CLOSE,TIME_STOP_ROLL,-609.00,140.61,"21 DTE with < 40% profit. 152C 2018-12-21 | spot 140.61 | DTE 21 | profit -65% No credit roll available: closing."
2018-12-03,A,OPEN,NEW_ENTRY,378.00,141.09,"Sell 3x 162.5C 2019-01-04 (32 DTE, delta 0.15), credit 1.27 start / 1.26 floor. Spot 141.09."
2018-12-14,A,CLOSE,PROFIT_TARGET,-153.00,144.06,"Profit target hit. 162.5C 2019-01-04 | spot 144.06 | DTE 21 | profit 59%"
2018-12-14,B,ROLL,TIME_STOP_ROLL,33.00,144.06,"21 DTE with < 40% profit. 161C 2019-01-04 | spot 144.06 | DTE 21 | profit 36% -> earnings-buffer roll to 167.5C 2019-01-18 (35 DTE, delta 0.10), net credit 0.10 start / 0.10 floor."
2018-12-19,B,CLOSE,PROFIT_TARGET,-87.00,133.24,"Profit target hit. 167.5C 2019-01-18 | spot 133.24 | DTE 30 | profit 61%"
2019-02-04,A,OPEN,NEW_ENTRY,630.00,169.25,"Sell 3x 202.5C 2019-03-08 (32 DTE, delta 0.16), credit 2.10 start / 2.10 floor. Spot 169.25."
2019-02-04,B,OPEN,NEW_ENTRY,528.00,169.25,"Sell 3x 217.5C 2019-03-22 (46 DTE, delta 0.12), credit 1.76 start / 1.76 floor. Spot 169.25."
2019-02-07,A,CLOSE,PROFIT_TARGET,-156.00,166.38,"Profit target hit. 202.5C 2019-03-08 | spot 166.38 | DTE 29 | profit 75%"
2019-02-07,B,CLOSE,PROFIT_TARGET,-120.00,166.38,"Profit target hit. 217.5C 2019-03-22 | spot 166.38 | DTE 43 | profit 77%"
2019-02-08,A,OPEN,NEW_ENTRY,471.00,167.33,"Sell 3x 195C 2019-03-15 (35 DTE, delta 0.15), credit 1.57 start / 1.57 floor. Spot 167.33."
2019-02-08,B,OPEN,NEW_ENTRY,375.00,167.33,"Sell 3x 202.5C 2019-03-22 (42 DTE, delta 0.11), credit 1.26 start / 1.25 floor. Spot 167.33."
2019-02-11,A,CLOSE,PROFIT_TARGET,-162.00,165.79,"Profit target hit. 195C 2019-03-15 | spot 165.79 | DTE 32 | profit 65%"
2019-02-11,B,CLOSE,PROFIT_TARGET,-117.00,165.79,"Profit target hit. 202.5C 2019-03-22 | spot 165.79 | DTE 39 | profit 68%"
2019-02-12,A,OPEN,NEW_ENTRY,402.00,165.04,"Sell 3x 185C 2019-03-15 (31 DTE, delta 0.16), credit 1.35 start / 1.34 floor. Spot 165.04."
2019-02-12,B,OPEN,NEW_ENTRY,309.00,165.04,"Sell 3x 195C 2019-03-29 (45 DTE, delta 0.11), credit 1.03 start / 1.03 floor. Spot 165.04."
2019-02-15,A,CLOSE,PROFIT_TARGET,-195.00,162.50,"Profit target hit. 185C 2019-03-15 | spot 162.50 | DTE 28 | profit 51%"
2019-02-15,B,CLOSE,PROFIT_TARGET,-153.00,162.50,"Profit target hit. 195C 2019-03-29 | spot 162.50 | DTE 42 | profit 50%"
2019-02-19,A,OPEN,NEW_ENTRY,345.00,162.29,"Sell 3x 180C 2019-03-22 (31 DTE, delta 0.15), credit 1.15 start / 1.15 floor. Spot 162.29."
2019-02-19,B,OPEN,NEW_ENTRY,297.00,162.29,"Sell 3x 187.5C 2019-04-05 (45 DTE, delta 0.12), credit 0.99 start / 0.99 floor. Spot 162.29."
2019-02-21,A,CLOSE,PROFIT_TARGET,-153.00,160.04,"Profit target hit. 180C 2019-03-22 | spot 160.04 | DTE 29 | profit 55%"
2019-02-21,B,CLOSE,PROFIT_TARGET,-135.00,160.04,"Profit target hit. 187.5C 2019-04-05 | spot 160.04 | DTE 43 | profit 55%"
2019-02-22,B,OPEN,NEW_ENTRY,249.00,161.89,"Sell 3x 182.5C 2019-04-05 (42 DTE, delta 0.12), credit 0.83 start / 0.83 floor. Spot 161.89."
2019-02-25,A,OPEN,NEW_ENTRY,324.00,164.62,"Sell 3x 180C 2019-03-29 (32 DTE, delta 0.16), credit 1.08 start / 1.08 floor. Spot 164.62."
2019-03-01,A,CLOSE,PROFIT_TARGET,-150.00,162.28,"Profit target hit. 180C 2019-03-29 | spot 162.28 | DTE 28 | profit 54%"
2019-03-06,A,OPEN,NEW_ENTRY,303.00,172.51,"Sell 3x 190C 2019-04-05 (30 DTE, delta 0.14), credit 1.01 start / 1.01 floor. Spot 172.51."
2019-03-08,A,CLOSE,PROFIT_TARGET,-150.00,169.60,"Profit target hit. 190C 2019-04-05 | spot 169.60 | DTE 28 | profit 50%"
2019-03-15,B,CLOSE,PROFIT_TARGET,-81.00,165.98,"Profit target hit. 182.5C 2019-04-05 | spot 165.98 | DTE 21 | profit 67%"
2019-04-29,B,OPEN,NEW_ENTRY,291.00,194.78,"Sell 3x 217.5C 2019-06-14 (46 DTE, delta 0.12), credit 0.97 start / 0.97 floor. Spot 194.78."
2019-05-01,A,OPEN,NEW_ENTRY,294.00,193.03,"Sell 3x 207.5C 2019-05-31 (30 DTE, delta 0.15), credit 0.98 start / 0.98 floor. Spot 193.03."
2019-05-02,B,CLOSE,PROFIT_TARGET,-138.00,192.53,"Profit target hit. 217.5C 2019-06-14 | spot 192.53 | DTE 43 | profit 53%"
2019-05-03,B,OPEN,NEW_ENTRY,282.00,195.47,"Sell 3x 215C 2019-06-14 (42 DTE, delta 0.13), credit 0.94 start / 0.94 floor. Spot 195.47."
2019-05-07,A,CLOSE,PROFIT_TARGET,-105.00,189.77,"Profit target hit. 207.5C 2019-05-31 | spot 189.77 | DTE 24 | profit 64%"
2019-05-07,B,CLOSE,PROFIT_TARGET,-93.00,189.77,"Profit target hit. 215C 2019-06-14 | spot 189.77 | DTE 38 | profit 67%"
2019-05-08,B,OPEN,NEW_ENTRY,246.00,189.54,"Sell 3x 210C 2019-06-21 (44 DTE, delta 0.12), credit 0.82 start / 0.82 floor. Spot 189.54."
2019-05-09,A,OPEN,NEW_ENTRY,285.00,188.65,"Sell 3x 202.5C 2019-06-07 (29 DTE, delta 0.15), credit 0.95 start / 0.95 floor. Spot 188.65."
2019-05-13,A,CLOSE,PROFIT_TARGET,-57.00,181.54,"Profit target hit. 202.5C 2019-06-07 | spot 181.54 | DTE 25 | profit 80%"
2019-05-13,B,CLOSE,PROFIT_TARGET,-54.00,181.54,"Profit target hit. 210C 2019-06-21 | spot 181.54 | DTE 39 | profit 78%"
2019-05-14,A,OPEN,NEW_ENTRY,282.00,180.73,"Sell 3x 195C 2019-06-14 (31 DTE, delta 0.15), credit 0.94 start / 0.94 floor. Spot 180.73."
2019-05-14,B,OPEN,NEW_ENTRY,276.00,180.73,"Sell 3x 200C 2019-06-28 (45 DTE, delta 0.13), credit 0.92 start / 0.92 floor. Spot 180.73."
2019-05-24,A,CLOSE,TIME_STOP_PROFIT,-165.00,181.06,"21 DTE with >= 40% profit. 195C 2019-06-14 | spot 181.06 | DTE 21 | profit 41%"
2019-05-28,A,OPEN,NEW_ENTRY,297.00,184.31,"Sell 3x 200C 2019-06-28 (31 DTE, delta 0.15), credit 0.99 start / 0.99 floor. Spot 184.31."
2019-05-31,A,CLOSE,PROFIT_TARGET,-102.00,177.47,"Profit target hit. 200C 2019-06-28 | spot 177.47 | DTE 28 | profit 66%"
2019-05-31,B,CLOSE,PROFIT_TARGET,-102.00,177.47,"Profit target hit. 200C 2019-06-28 | spot 177.47 | DTE 28 | profit 63%"
2019-06-03,A,OPEN,NEW_ENTRY,405.00,164.15,"Sell 3x 185C 2019-07-05 (32 DTE, delta 0.15), credit 1.36 start / 1.35 floor. Spot 164.15."
2019-06-14,A,ROLL,PROXIMITY,45.00,181.33,"Spot within 2% of strike. 185C 2019-07-05 | spot 181.33 | DTE 21 | profit -310% -> earnings-buffer roll to 187.5C 2019-07-12 (28 DTE, delta 0.41), net credit 0.14 start / 0.10 floor."
2019-06-17,A,CLOSE,PROXIMITY,-2820.00,189.01,"Spot within 2% of strike. 187.5C 2019-07-12 | spot 189.01 | DTE 25 | profit -65% No credit roll available: closing."
2019-07-29,A,OPEN,NEW_ENTRY,324.00,195.94,"Sell 3x 212.5C 2019-08-30 (32 DTE, delta 0.15), credit 1.08 start / 1.08 floor. Spot 195.94."
2019-07-29,B,OPEN,NEW_ENTRY,258.00,195.94,"Sell 3x 220C 2019-09-13 (46 DTE, delta 0.11), credit 0.86 start / 0.86 floor. Spot 195.94."
2019-08-01,A,CLOSE,PROFIT_TARGET,-120.00,192.73,"Profit target hit. 212.5C 2019-08-30 | spot 192.73 | DTE 29 | profit 62%"
2019-08-01,B,CLOSE,PROFIT_TARGET,-102.00,192.73,"Profit target hit. 220C 2019-09-13 | spot 192.73 | DTE 43 | profit 60%"
2019-08-02,A,OPEN,NEW_ENTRY,288.00,189.02,"Sell 3x 205C 2019-09-06 (35 DTE, delta 0.14), credit 0.96 start / 0.96 floor. Spot 189.02."
2019-08-02,B,OPEN,NEW_ENTRY,210.00,189.02,"Sell 3x 210C 2019-09-13 (42 DTE, delta 0.10), credit 0.70 start / 0.70 floor. Spot 189.02."
2019-08-05,A,CLOSE,PROFIT_TARGET,-108.00,181.73,"Profit target hit. 205C 2019-09-06 | spot 181.73 | DTE 32 | profit 62%"
2019-08-05,B,CLOSE,PROFIT_TARGET,-87.00,181.73,"Profit target hit. 210C 2019-09-13 | spot 181.73 | DTE 39 | profit 59%"
2019-08-06,A,OPEN,NEW_ENTRY,336.00,184.51,"Sell 3x 200C 2019-09-06 (31 DTE, delta 0.16), credit 1.12 start / 1.12 floor. Spot 184.51."
2019-08-06,B,OPEN,NEW_ENTRY,264.00,184.51,"Sell 3x 207.5C 2019-09-20 (45 DTE, delta 0.11), credit 0.88 start / 0.88 floor. Spot 184.51."
2019-08-16,A,ROLL,TIME_STOP_ROLL,90.00,183.70,"21 DTE with < 40% profit. 200C 2019-09-06 | spot 183.70 | DTE 21 | profit 16% -> roll to 205C 2019-09-20 (35 DTE, delta 0.14), net credit 0.31 start / 0.30 floor."
2019-08-23,A,CLOSE,PROFIT_TARGET,-102.00,177.75,"Profit target hit. 205C 2019-09-20 | spot 177.75 | DTE 28 | profit 73%"
2019-08-23,B,CLOSE,PROFIT_TARGET,-72.00,177.75,"Profit target hit. 207.5C 2019-09-20 | spot 177.75 | DTE 28 | profit 73%"
2019-08-26,A,OPEN,NEW_ENTRY,351.00,180.36,"Sell 3x 200C 2019-09-27 (32 DTE, delta 0.15), credit 1.18 start / 1.17 floor. Spot 180.36."
2019-08-26,B,OPEN,NEW_ENTRY,318.00,180.36,"Sell 3x 207.5C 2019-10-11 (46 DTE, delta 0.12), credit 1.06 start / 1.06 floor. Spot 180.36."
2019-09-06,A,CLOSE,TIME_STOP_ROLL,-588.00,187.49,"21 DTE with < 40% profit. 200C 2019-09-27 | spot 187.49 | DTE 21 | profit -67% No credit roll available: closing."
2019-09-10,A,OPEN,NEW_ENTRY,402.00,186.17,"Sell 3x 207.5C 2019-10-11 (31 DTE, delta 0.15), credit 1.35 start / 1.34 floor. Spot 186.17."
2019-09-20,A,CLOSE,PROFIT_TARGET,-198.00,189.93,"Profit target hit. 207.5C 2019-10-11 | spot 189.93 | DTE 21 | profit 50%"
2019-09-20,B,ROLL,TIME_STOP_ROLL,48.00,189.93,"21 DTE with < 40% profit. 207.5C 2019-10-11 | spot 189.93 | DTE 21 | profit 37% -> earnings-buffer roll to 210C 2019-10-18 (28 DTE, delta 0.12), net credit 0.15 start / 0.15 floor."
2019-09-24,B,CLOSE,PROFIT_TARGET,-51.00,181.28,"Profit target hit. 210C 2019-10-18 | spot 181.28 | DTE 24 | profit 79%"
2019-11-04,A,OPEN,NEW_ENTRY,381.00,194.72,"Sell 3x 215C 2019-12-06 (32 DTE, delta 0.15), credit 1.27 start / 1.27 floor. Spot 194.72."
2019-11-04,B,OPEN,NEW_ENTRY,351.00,194.72,"Sell 3x 222.5C 2019-12-20 (46 DTE, delta 0.12), credit 1.18 start / 1.17 floor. Spot 194.72."
2019-11-06,A,CLOSE,PROFIT_TARGET,-171.00,191.55,"Profit target hit. 215C 2019-12-06 | spot 191.55 | DTE 30 | profit 55%"
2019-11-06,B,CLOSE,PROFIT_TARGET,-168.00,191.55,"Profit target hit. 222.5C 2019-12-20 | spot 191.55 | DTE 44 | profit 52%"
2019-11-07,A,OPEN,NEW_ENTRY,348.00,190.42,"Sell 3x 207.5C 2019-12-06 (29 DTE, delta 0.15), credit 1.16 start / 1.16 floor. Spot 190.42."
2019-11-07,B,OPEN,NEW_ENTRY,303.00,190.42,"Sell 3x 215C 2019-12-20 (43 DTE, delta 0.12), credit 1.02 start / 1.01 floor. Spot 190.42."
2019-11-15,A,ROLL,TIME_STOP_ROLL,60.00,195.10,"21 DTE with < 40% profit. 207.5C 2019-12-06 | spot 195.10 | DTE 21 | profit -1% -> roll to 215C 2019-12-27 (42 DTE, delta 0.16), net credit 0.21 start / 0.20 floor."
2019-11-29,B,ROLL,TIME_STOP_ROLL,57.00,201.64,"21 DTE with < 40% profit. 215C 2019-12-20 | spot 201.64 | DTE 21 | profit 17% -> roll to 222.5C 2020-01-10 (42 DTE, delta 0.13), net credit 0.19 start / 0.18 floor."
2019-12-03,A,CLOSE,PROFIT_TARGET,-168.00,198.82,"Profit target hit. 215C 2019-12-27 | spot 198.82 | DTE 24 | profit 59%"
2019-12-03,B,CLOSE,PROFIT_TARGET,-141.00,198.82,"Profit target hit. 222.5C 2020-01-10 | spot 198.82 | DTE 38 | profit 53%"
2019-12-06,A,OPEN,NEW_ENTRY,330.00,201.05,"Sell 3x 217.5C 2020-01-10 (35 DTE, delta 0.15), credit 1.10 start / 1.10 floor. Spot 201.05."
2019-12-12,A,CLOSE,PROFIT_TARGET,-114.00,196.75,"Profit target hit. 217.5C 2020-01-10 | spot 196.75 | DTE 29 | profit 65%"
2020-02-03,B,OPEN,NEW_ENTRY,324.00,204.19,"Sell 3x 227.5C 2020-03-20 (46 DTE, delta 0.13), credit 1.08 start / 1.08 floor. Spot 204.19."
2020-02-04,A,OPEN,NEW_ENTRY,360.00,209.83,"Sell 3x 227.5C 2020-03-06 (31 DTE, delta 0.15), credit 1.20 start / 1.20 floor. Spot 209.83."
2020-02-14,A,CLOSE,TIME_STOP_ROLL,-399.00,214.18,"21 DTE with < 40% profit. 227.5C 2020-03-06 | spot 214.18 | DTE 21 | profit -10% No credit roll available: closing."
2020-02-18,A,OPEN,NEW_ENTRY,342.00,217.80,"Sell 3x 237.5C 2020-03-20 (31 DTE, delta 0.14), credit 1.15 start / 1.14 floor. Spot 217.80."
2020-02-21,A,CLOSE,PROFIT_TARGET,-111.00,210.18,"Profit target hit. 237.5C 2020-03-20 | spot 210.18 | DTE 28 | profit 68%"
2020-02-24,A,OPEN,NEW_ENTRY,402.00,200.72,"Sell 3x 222.5C 2020-03-27 (32 DTE, delta 0.15), credit 1.35 start / 1.34 floor. Spot 200.72."
2020-02-24,B,CLOSE,PROFIT_TARGET,-144.00,200.72,"Profit target hit. 227.5C 2020-03-20 | spot 200.72 | DTE 25 | profit 56%"
2020-02-25,B,OPEN,NEW_ENTRY,306.00,196.77,"Sell 3x 227.5C 2020-04-09 (44 DTE, delta 0.11), credit 1.02 start / 1.02 floor. Spot 196.77."
2020-02-27,A,CLOSE,PROFIT_TARGET,-102.00,189.75,"Profit target hit. 222.5C 2020-03-27 | spot 189.75 | DTE 29 | profit 75%"
2020-02-28,A,OPEN,NEW_ENTRY,420.00,192.47,"Sell 3x 212.5C 2020-03-27 (28 DTE, delta 0.16), credit 1.41 start / 1.40 floor. Spot 192.47."
2020-03-03,B,CLOSE,PROFIT_TARGET,-150.00,185.89,"Profit target hit. 227.5C 2020-04-09 | spot 185.89 | DTE 37 | profit 51%"
2020-03-06,A,CLOSE,PROFIT_TARGET,-135.00,181.09,"Profit target hit. 212.5C 2020-03-27 | spot 181.09 | DTE 21 | profit 68%"
2020-03-09,A,OPEN,NEW_ENTRY,486.00,169.50,"Sell 3x 197.5C 2020-04-09 (31 DTE, delta 0.15), credit 1.62 start / 1.62 floor. Spot 169.50."
2020-03-19,A,ROLL,TIME_STOP_ROLL,285.00,153.13,"21 DTE with < 40% profit. 197.5C 2020-04-09 | spot 153.13 | DTE 21 | profit -4% -> earnings-buffer roll to 200C 2020-04-17 (29 DTE, delta 0.16), net credit 0.96 start / 0.94 floor."
2020-03-27,A,CLOSE,TIME_STOP_ROLL,-762.00,156.79,"21 DTE with < 40% profit. 200C 2020-04-17 | spot 156.79 | DTE 21 | profit 4% No credit roll available: closing."
2020-05-04,A,OPEN,NEW_ENTRY,849.00,205.26,"Sell 3x 252.5C 2020-06-05 (32 DTE, delta 0.16), credit 2.84 start / 2.83 floor. Spot 205.26."
2020-05-04,B,OPEN,NEW_ENTRY,687.00,205.26,"Sell 3x 275C 2020-06-19 (46 DTE, delta 0.11), credit 2.29 start / 2.29 floor. Spot 205.26."
2020-05-12,A,CLOSE,PROFIT_TARGET,-342.00,210.10,"Profit target hit. 252.5C 2020-06-05 | spot 210.10 | DTE 24 | profit 60%"
2020-05-12,B,CLOSE,PROFIT_TARGET,-258.00,210.10,"Profit target hit. 275C 2020-06-19 | spot 210.10 | DTE 38 | profit 62%"
2020-05-13,A,OPEN,NEW_ENTRY,663.00,205.10,"Sell 3x 240C 2020-06-12 (30 DTE, delta 0.16), credit 2.22 start / 2.21 floor. Spot 205.10."
2020-05-13,B,OPEN,NEW_ENTRY,525.00,205.10,"Sell 3x 257.5C 2020-06-26 (44 DTE, delta 0.11), credit 1.75 start / 1.75 floor. Spot 205.10."
2020-05-22,A,CLOSE,TIME_STOP_ROLL,-2295.00,234.91,"21 DTE with < 40% profit. 240C 2020-06-12 | spot 234.91 | DTE 21 | profit -247% No credit roll available: closing."
2020-05-26,A,OPEN,NEW_ENTRY,636.00,232.20,"Sell 3x 267.5C 2020-06-26 (31 DTE, delta 0.15), credit 2.13 start / 2.12 floor. Spot 232.20."
2020-06-04,A,CLOSE,PROFIT_TARGET,-171.00,226.29,"Profit target hit. 267.5C 2020-06-26 | spot 226.29 | DTE 22 | profit 73%"
2020-06-05,A,OPEN,NEW_ENTRY,612.00,230.77,"Sell 3x 262.5C 2020-07-10 (35 DTE, delta 0.15), credit 2.04 start / 2.04 floor. Spot 230.77."
2020-06-05,B,ROLL,TIME_STOP_ROLL,66.00,230.77,"21 DTE with < 40% profit. 257.5C 2020-06-26 | spot 230.77 | DTE 21 | profit 29% -> roll to 267.5C 2020-07-10 (35 DTE, delta 0.12), net credit 0.23 start / 0.22 floor."
2020-06-12,B,CLOSE,PROFIT_TARGET,-213.00,228.58,"Profit target hit. 267.5C 2020-07-10 | spot 228.58 | DTE 28 | profit 51%"
2020-06-19,A,ROLL,TIME_STOP_ROLL,39.00,238.79,"21 DTE with < 40% profit. 262.5C 2020-07-10 | spot 238.79 | DTE 21 | profit 18% -> earnings-buffer roll to 267.5C 2020-07-17 (28 DTE, delta 0.15), net credit 0.13 start / 0.12 floor."
2020-06-26,A,CLOSE,PROFIT_TARGET,-102.00,216.08,"Profit target hit. 267.5C 2020-07-17 | spot 216.08 | DTE 21 | profit 81%"
2020-08-04,A,OPEN,NEW_ENTRY,684.00,249.83,"Sell 3x 287.5C 2020-09-04 (31 DTE, delta 0.15), credit 2.28 start / 2.28 floor. Spot 249.83."
2020-08-04,B,OPEN,NEW_ENTRY,621.00,249.83,"Sell 3x 302.5C 2020-09-18 (45 DTE, delta 0.12), credit 2.08 start / 2.07 floor. Spot 249.83."
2020-08-14,A,CLOSE,TIME_STOP_PROFIT,-375.00,261.24,"21 DTE with >= 40% profit. 287.5C 2020-09-04 | spot 261.24 | DTE 21 | profit 45%"
2020-08-14,B,CLOSE,PROFIT_TARGET,-306.00,261.24,"Profit target hit. 302.5C 2020-09-18 | spot 261.24 | DTE 35 | profit 51%"
2020-08-17,A,OPEN,NEW_ENTRY,585.00,261.16,"Sell 3x 290C 2020-09-18 (32 DTE, delta 0.16), credit 1.96 start / 1.95 floor. Spot 261.16."
2020-08-17,B,OPEN,NEW_ENTRY,492.00,261.16,"Sell 3x 302.5C 2020-10-02 (46 DTE, delta 0.12), credit 1.64 start / 1.64 floor. Spot 261.16."
2020-08-26,A,CLOSE,PROXIMITY,-6345.00,303.91,"Spot within 2% of strike. 290C 2020-09-18 | spot 303.91 | DTE 23 | profit -983% No credit roll available: closing."
2020-08-26,B,CLOSE,PROXIMITY,-5220.00,303.91,"Spot within 2% of strike. 302.5C 2020-10-02 | spot 303.91 | DTE 37 | profit -961% No credit roll available: closing."
2020-08-27,A,OPEN,NEW_ENTRY,750.00,293.22,"Sell 3x 337.5C 2020-09-25 (29 DTE, delta 0.14), credit 2.50 start / 2.50 floor. Spot 293.22."
2020-08-27,B,OPEN,NEW_ENTRY,705.00,293.22,"Sell 3x 355C 2020-10-09 (43 DTE, delta 0.12), credit 2.35 start / 2.35 floor. Spot 293.22."
2020-09-04,A,CLOSE,PROFIT_TARGET,-222.00,282.73,"Profit target hit. 337.5C 2020-09-25 | spot 282.73 | DTE 21 | profit 70%"
2020-09-04,B,CLOSE,PROFIT_TARGET,-297.00,282.73,"Profit target hit. 355C 2020-10-09 | spot 282.73 | DTE 35 | profit 58%"
2020-09-08,A,OPEN,NEW_ENTRY,804.00,271.16,"Sell 3x 317.5C 2020-10-09 (31 DTE, delta 0.15), credit 2.69 start / 2.68 floor. Spot 271.16."
2020-09-14,A,CLOSE,PROFIT_TARGET,-402.00,266.15,"Profit target hit. 317.5C 2020-10-09 | spot 266.15 | DTE 25 | profit 50%"
2020-11-03,A,OPEN,NEW_ENTRY,732.00,265.30,"Sell 3x 305C 2020-12-04 (31 DTE, delta 0.15), credit 2.44 start / 2.44 floor. Spot 265.30."
2020-11-03,B,OPEN,NEW_ENTRY,618.00,265.30,"Sell 3x 322.5C 2020-12-18 (45 DTE, delta 0.11), credit 2.07 start / 2.06 floor. Spot 265.30."
2020-11-13,A,CLOSE,TIME_STOP_ROLL,-1440.00,276.95,"21 DTE with < 40% profit. 305C 2020-12-04 | spot 276.95 | DTE 21 | profit -98% No credit roll available: closing."
2020-11-16,A,OPEN,NEW_ENTRY,885.00,278.96,"Sell 3x 332.5C 2020-12-18 (32 DTE, delta 0.15), credit 2.96 start / 2.95 floor. Spot 278.96."
2020-11-20,A,CLOSE,PROFIT_TARGET,-393.00,269.70,"Profit target hit. 332.5C 2020-12-18 | spot 269.70 | DTE 28 | profit 56%"
2020-11-23,A,OPEN,NEW_ENTRY,867.00,268.43,"Sell 3x 317.5C 2020-12-24 (31 DTE, delta 0.15), credit 2.90 start / 2.89 floor. Spot 268.43."
2020-11-27,B,ROLL,TIME_STOP_ROLL,117.00,277.81,"21 DTE with < 40% profit. 322.5C 2020-12-18 | spot 277.81 | DTE 21 | profit 8% -> roll to 337.5C 2020-12-31 (34 DTE, delta 0.12), net credit 0.40 start / 0.38 floor."
2020-12-03,A,ROLL,TIME_STOP_ROLL,90.00,281.85,"21 DTE with < 40% profit. 317.5C 2020-12-24 | spot 281.85 | DTE 21 | profit -10% -> roll to 335C 2021-01-08 (36 DTE, delta 0.16), net credit 0.28 start / 0.26 floor."
2020-12-09,B,CLOSE,PROFIT_TARGET,-231.00,277.92,"Profit target hit. 337.5C 2020-12-31 | spot 277.92 | DTE 22 | profit 66%"
2020-12-10,A,CLOSE,PROFIT_TARGET,-453.00,277.12,"Profit target hit. 335C 2021-01-08 | spot 277.12 | DTE 29 | profit 56%"
2020-12-11,A,OPEN,NEW_ENTRY,765.00,273.55,"Sell 3x 312.5C 2021-01-08 (28 DTE, delta 0.16), credit 2.56 start / 2.55 floor. Spot 273.55."
2020-12-17,A,CLOSE,PROFIT_TARGET,-123.00,274.48,"Profit target hit. 312.5C 2021-01-08 | spot 274.48 | DTE 22 | profit 84%"
2021-02-01,A,OPEN,NEW_ENTRY,681.00,262.01,"Sell 3x 295C 2021-03-05 (32 DTE, delta 0.16), credit 2.27 start / 2.27 floor. Spot 262.01."
2021-02-01,B,OPEN,NEW_ENTRY,555.00,262.01,"Sell 3x 310C 2021-03-19 (46 DTE, delta 0.12), credit 1.86 start / 1.85 floor. Spot 262.01."
2021-02-12,A,ROLL,TIME_STOP_ROLL,81.00,270.50,"21 DTE with < 40% profit. 295C 2021-03-05 | spot 270.50 | DTE 21 | profit 14% -> roll to 305C 2021-03-19 (35 DTE, delta 0.15), net credit 0.28 start / 0.26 floor."
2021-02-19,A,CLOSE,PROFIT_TARGET,-231.00,261.56,"Profit target hit. 305C 2021-03-19 | spot 261.56 | DTE 28 | profit 65%"
2021-02-19,B,CLOSE,PROFIT_TARGET,-156.00,261.56,"Profit target hit. 310C 2021-03-19 | spot 261.56 | DTE 28 | profit 72%"
2021-02-22,A,OPEN,NEW_ENTRY,576.00,260.33,"Sell 3x 292.5C 2021-03-26 (32 DTE, delta 0.15), credit 1.92 start / 1.92 floor. Spot 260.33."
2021-02-22,B,OPEN,NEW_ENTRY,516.00,260.33,"Sell 3x 305C 2021-04-09 (46 DTE, delta 0.12), credit 1.72 start / 1.72 floor. Spot 260.33."
2021-02-25,A,CLOSE,PROFIT_TARGET,-282.00,254.69,"Profit target hit. 292.5C 2021-03-26 | spot 254.69 | DTE 29 | profit 51%"
2021-02-26,A,OPEN,NEW_ENTRY,543.00,257.62,"Sell 3x 290C 2021-04-01 (34 DTE, delta 0.14), credit 1.81 start / 1.81 floor. Spot 257.62."
2021-03-03,B,CLOSE,PROFIT_TARGET,-204.00,255.41,"Profit target hit. 305C 2021-04-09 | spot 255.41 | DTE 37 | profit 60%"
2021-03-08,A,CLOSE,PROFIT_TARGET,-216.00,255.31,"Profit target hit. 290C 2021-04-01 | spot 255.31 | DTE 24 | profit 60%"
2021-03-09,A,OPEN,NEW_ENTRY,570.00,265.74,"Sell 3x 300C 2021-04-09 (31 DTE, delta 0.14), credit 1.91 start / 1.90 floor. Spot 265.74."
2021-03-19,A,CLOSE,TIME_STOP_ROLL,-2055.00,290.11,"21 DTE with < 40% profit. 300C 2021-04-09 | spot 290.11 | DTE 21 | profit -260% No credit roll available: closing."
2021-05-03,A,OPEN,NEW_ENTRY,615.00,322.58,"Sell 3x 357.5C 2021-06-04 (32 DTE, delta 0.14), credit 2.06 start / 2.05 floor. Spot 322.58."
2021-05-03,B,OPEN,NEW_ENTRY,576.00,322.58,"Sell 3x 370C 2021-06-18 (46 DTE, delta 0.12), credit 1.93 start / 1.92 floor. Spot 322.58."
2021-05-04,A,CLOSE,PROFIT_TARGET,-303.00,318.36,"Profit target hit. 357.5C 2021-06-04 | spot 318.36 | DTE 31 | profit 51%"
2021-05-05,A,OPEN,NEW_ENTRY,540.00,315.02,"Sell 3x 345C 2021-06-04 (30 DTE, delta 0.14), credit 1.80 start / 1.80 floor. Spot 315.02."
2021-05-05,B,CLOSE,PROFIT_TARGET,-210.00,315.02,"Profit target hit. 370C 2021-06-18 | spot 315.02 | DTE 44 | profit 63%"
2021-05-06,B,OPEN,NEW_ENTRY,495.00,320.02,"Sell 3x 362.5C 2021-06-18 (43 DTE, delta 0.11), credit 1.65 start / 1.65 floor. Spot 320.02."
2021-05-10,A,CLOSE,PROFIT_TARGET,-207.00,305.97,"Profit target hit. 345C 2021-06-04 | spot 305.97 | DTE 25 | profit 61%"
2021-05-10,B,CLOSE,PROFIT_TARGET,-162.00,305.97,"Profit target hit. 362.5C 2021-06-18 | spot 305.97 | DTE 39 | profit 67%"
2021-05-11,A,OPEN,NEW_ENTRY,564.00,306.53,"Sell 3x 337.5C 2021-06-11 (31 DTE, delta 0.15), credit 1.89 start / 1.88 floor. Spot 306.53."
2021-05-11,B,OPEN,NEW_ENTRY,498.00,306.53,"Sell 3x 350C 2021-06-25 (45 DTE, delta 0.11), credit 1.66 start / 1.66 floor. Spot 306.53."
2021-05-21,A,ROLL,TIME_STOP_ROLL,108.00,316.23,"21 DTE with < 40% profit. 337.5C 2021-06-11 | spot 316.23 | DTE 21 | profit 3% -> roll to 350C 2021-07-02 (42 DTE, delta 0.15), net credit 0.37 start / 0.36 floor."
2021-06-04,B,CLOSE,TIME_STOP_ROLL,-777.00,330.35,"21 DTE with < 40% profit. 350C 2021-06-25 | spot 330.35 | DTE 21 | profit -56% No credit roll available: closing."
2021-06-11,A,CLOSE,TIME_STOP_ROLL,-825.00,331.26,"21 DTE with < 40% profit. 350C 2021-07-02 | spot 331.26 | DTE 21 | profit -25% No credit roll available: closing."
2021-08-02,A,OPEN,NEW_ENTRY,642.00,351.95,"Sell 3x 390C 2021-09-03 (32 DTE, delta 0.14), credit 2.15 start / 2.14 floor. Spot 351.95."
2021-08-02,B,OPEN,NEW_ENTRY,561.00,351.95,"Sell 3x 405C 2021-09-17 (46 DTE, delta 0.11), credit 1.88 start / 1.87 floor. Spot 351.95."
2021-08-13,A,ROLL,TIME_STOP_ROLL,270.00,363.18,"21 DTE with < 40% profit. 390C 2021-09-03 | spot 363.18 | DTE 21 | profit 31% -> roll to 400C 2021-09-24 (42 DTE, delta 0.15), net credit 0.90 start / 0.89 floor."
2021-08-17,B,CLOSE,PROFIT_TARGET,-219.00,358.45,"Profit target hit. 405C 2021-09-17 | spot 358.45 | DTE 31 | profit 61%"
2021-08-18,B,OPEN,NEW_ENTRY,522.00,355.45,"Sell 3x 400C 2021-10-01 (44 DTE, delta 0.12), credit 1.74 start / 1.74 floor. Spot 355.45."
2021-08-19,A,CLOSE,PROFIT_TARGET,-333.00,355.12,"Profit target hit. 400C 2021-09-24 | spot 355.12 | DTE 36 | profit 53%"
2021-08-20,A,OPEN,NEW_ENTRY,546.00,359.37,"Sell 3x 390C 2021-09-17 (28 DTE, delta 0.14), credit 1.82 start / 1.82 floor. Spot 359.37."
2021-08-27,A,CLOSE,TIME_STOP_ROLL,-1020.00,372.63,"21 DTE with < 40% profit. 390C 2021-09-17 | spot 372.63 | DTE 21 | profit -89% No credit roll available: closing."
2021-08-30,A,OPEN,NEW_ENTRY,666.00,380.66,"Sell 3x 415C 2021-10-01 (32 DTE, delta 0.15), credit 2.22 start / 2.22 floor. Spot 380.66."
2021-09-07,A,CLOSE,PROFIT_TARGET,-276.00,382.18,"Profit target hit. 415C 2021-10-01 | spot 382.18 | DTE 24 | profit 59%"
2021-09-10,B,CLOSE,TIME_STOP_ROLL,-582.00,378.69,"21 DTE with < 40% profit. 400C 2021-10-01 | spot 378.69 | DTE 21 | profit -11% No credit roll available: closing."
2021-10-28,A,OPEN,NEW_ENTRY,699.00,316.92,"Sell 3x 357.5C 2021-11-26 (29 DTE, delta 0.14), credit 2.33 start / 2.33 floor. Spot 316.92."
2021-10-28,B,OPEN,NEW_ENTRY,612.00,316.92,"Sell 3x 375C 2021-12-10 (43 DTE, delta 0.11), credit 2.05 start / 2.04 floor. Spot 316.92."
2021-11-05,A,CLOSE,TIME_STOP_ROLL,-1725.00,341.13,"21 DTE with < 40% profit. 357.5C 2021-11-26 | spot 341.13 | DTE 21 | profit -148% No credit roll available: closing."
2021-11-08,A,OPEN,NEW_ENTRY,804.00,338.62,"Sell 3x 380C 2021-12-10 (32 DTE, delta 0.15), credit 2.69 start / 2.68 floor. Spot 338.62."
2021-11-10,A,CLOSE,PROFIT_TARGET,-303.00,327.64,"Profit target hit. 380C 2021-12-10 | spot 327.64 | DTE 30 | profit 62%"
2021-11-11,A,OPEN,NEW_ENTRY,690.00,327.74,"Sell 3x 365C 2021-12-10 (29 DTE, delta 0.15), credit 2.30 start / 2.30 floor. Spot 327.74."
2021-11-19,A,CLOSE,TIME_STOP_ROLL,-1215.00,345.30,"21 DTE with < 40% profit. 365C 2021-12-10 | spot 345.30 | DTE 21 | profit -77% No credit roll available: closing."
2021-11-19,B,ROLL,TIME_STOP_ROLL,36.00,345.30,"21 DTE with < 40% profit. 375C 2021-12-10 | spot 345.30 | DTE 21 | profit -8% -> roll to 395C 2021-12-31 (42 DTE, delta 0.13), net credit 0.13 start / 0.11 floor."
2021-11-22,A,OPEN,NEW_ENTRY,708.00,341.01,"Sell 3x 380C 2021-12-23 (31 DTE, delta 0.15), credit 2.36 start / 2.36 floor. Spot 341.01."
2021-11-26,A,CLOSE,PROFIT_TARGET,-354.00,333.12,"Profit target hit. 380C 2021-12-23 | spot 333.12 | DTE 27 | profit 50%"
2021-11-26,B,CLOSE,PROFIT_TARGET,-261.00,333.12,"Profit target hit. 395C 2021-12-31 | spot 333.12 | DTE 35 | profit 62%"
2021-11-29,B,OPEN,NEW_ENTRY,645.00,338.03,"Sell 3x 395C 2022-01-14 (46 DTE, delta 0.12), credit 2.16 start / 2.15 floor. Spot 338.03."
2021-11-30,A,OPEN,NEW_ENTRY,786.00,324.46,"Sell 3x 365C 2021-12-31 (31 DTE, delta 0.15), credit 2.63 start / 2.62 floor. Spot 324.46."
2021-12-01,A,CLOSE,PROFIT_TARGET,-345.00,310.60,"Profit target hit. 365C 2021-12-31 | spot 310.60 | DTE 30 | profit 56%"
2021-12-01,B,CLOSE,PROFIT_TARGET,-183.00,310.60,"Profit target hit. 395C 2022-01-14 | spot 310.60 | DTE 44 | profit 71%"
2021-12-02,A,OPEN,NEW_ENTRY,702.00,310.39,"Sell 3x 350C 2021-12-31 (29 DTE, delta 0.15), credit 2.34 start / 2.34 floor. Spot 310.39."
2021-12-02,B,OPEN,NEW_ENTRY,606.00,310.39,"Sell 3x 367.5C 2022-01-14 (43 DTE, delta 0.11), credit 2.03 start / 2.02 floor. Spot 310.39."
2021-12-10,A,CLOSE,TIME_STOP_ROLL,-1350.00,329.75,"21 DTE with < 40% profit. 350C 2021-12-31 | spot 329.75 | DTE 21 | profit -92% No credit roll available: closing."
2021-12-13,A,OPEN,NEW_ENTRY,843.00,334.49,"Sell 3x 375C 2022-01-14 (32 DTE, delta 0.16), credit 2.82 start / 2.81 floor. Spot 334.49."
2021-12-20,A,CLOSE,PROFIT_TARGET,-324.00,325.45,"Profit target hit. 375C 2022-01-14 | spot 325.45 | DTE 25 | profit 62%"
2021-12-27,B,CLOSE,TIME_STOP_ROLL,-1380.00,346.18,"21 DTE with < 40% profit. 367.5C 2022-01-14 | spot 346.18 | DTE 18 | profit -128% No credit roll available: closing."
2022-02-07,A,OPEN,NEW_ENTRY,645.00,224.91,"Sell 3x 257.5C 2022-03-11 (32 DTE, delta 0.16), credit 2.16 start / 2.15 floor. Spot 224.91."
2022-02-07,B,OPEN,NEW_ENTRY,525.00,224.91,"Sell 3x 272.5C 2022-03-25 (46 DTE, delta 0.12), credit 1.75 start / 1.75 floor. Spot 224.91."
2022-02-14,A,CLOSE,PROFIT_TARGET,-315.00,217.70,"Profit target hit. 257.5C 2022-03-11 | spot 217.70 | DTE 25 | profit 51%"
2022-02-15,A,OPEN,NEW_ENTRY,615.00,221.00,"Sell 3x 257.5C 2022-03-18 (31 DTE, delta 0.14), credit 2.06 start / 2.05 floor. Spot 221.00."
2022-02-17,A,CLOSE,PROFIT_TARGET,-213.00,207.71,"Profit target hit. 257.5C 2022-03-18 | spot 207.71 | DTE 29 | profit 65%"
2022-02-17,B,CLOSE,PROFIT_TARGET,-138.00,207.71,"Profit target hit. 272.5C 2022-03-25 | spot 207.71 | DTE 36 | profit 73%"
2022-02-18,A,OPEN,NEW_ENTRY,636.00,206.16,"Sell 3x 242.5C 2022-03-25 (35 DTE, delta 0.15), credit 2.13 start / 2.12 floor. Spot 206.16."
2022-02-18,B,OPEN,NEW_ENTRY,507.00,206.16,"Sell 3x 252.5C 2022-04-01 (42 DTE, delta 0.12), credit 1.70 start / 1.69 floor. Spot 206.16."
2022-02-23,A,CLOSE,PROFIT_TARGET,-234.00,198.45,"Profit target hit. 242.5C 2022-03-25 | spot 198.45 | DTE 30 | profit 63%"
2022-02-23,B,CLOSE,PROFIT_TARGET,-192.00,198.45,"Profit target hit. 252.5C 2022-04-01 | spot 198.45 | DTE 37 | profit 62%"
2022-02-24,A,OPEN,NEW_ENTRY,606.00,207.60,"Sell 3x 242.5C 2022-03-25 (29 DTE, delta 0.15), credit 2.03 start / 2.02 floor. Spot 207.60."
2022-02-24,B,OPEN,NEW_ENTRY,543.00,207.60,"Sell 3x 257.5C 2022-04-08 (43 DTE, delta 0.12), credit 1.81 start / 1.81 floor. Spot 207.60."
2022-03-03,A,CLOSE,PROFIT_TARGET,-237.00,202.97,"Profit target hit. 242.5C 2022-03-25 | spot 202.97 | DTE 22 | profit 61%"
2022-03-03,B,CLOSE,PROFIT_TARGET,-261.00,202.97,"Profit target hit. 257.5C 2022-04-08 | spot 202.97 | DTE 36 | profit 52%"
2022-03-04,A,OPEN,NEW_ENTRY,588.00,200.06,"Sell 3x 232.5C 2022-04-01 (28 DTE, delta 0.15), credit 1.96 start / 1.96 floor. Spot 200.06."
2022-03-07,A,CLOSE,PROFIT_TARGET,-210.00,187.47,"Profit target hit. 232.5C 2022-04-01 | spot 187.47 | DTE 25 | profit 64%"
2022-03-08,A,OPEN,NEW_ENTRY,621.00,190.29,"Sell 3x 225C 2022-04-08 (31 DTE, delta 0.15), credit 2.08 start / 2.07 floor. Spot 190.29."
2022-03-18,A,CLOSE,TIME_STOP_ROLL,-2625.00,216.49,"21 DTE with < 40% profit. 225C 2022-04-08 | spot 216.49 | DTE 21 | profit -322% No credit roll available: closing."
2022-05-02,A,OPEN,NEW_ENTRY,705.00,211.13,"Sell 3x 255C 2022-06-03 (32 DTE, delta 0.14), credit 2.35 start / 2.35 floor. Spot 211.13."
2022-05-02,B,OPEN,NEW_ENTRY,630.00,211.13,"Sell 3x 272.5C 2022-06-17 (46 DTE, delta 0.11), credit 2.11 start / 2.10 floor. Spot 211.13."
2022-05-09,A,CLOSE,PROFIT_TARGET,-183.00,196.21,"Profit target hit. 255C 2022-06-03 | spot 196.21 | DTE 25 | profit 74%"
2022-05-09,B,CLOSE,PROFIT_TARGET,-228.00,196.21,"Profit target hit. 272.5C 2022-06-17 | spot 196.21 | DTE 39 | profit 64%"
2022-05-10,A,OPEN,NEW_ENTRY,729.00,197.65,"Sell 3x 240C 2022-06-10 (31 DTE, delta 0.15), credit 2.44 start / 2.43 floor. Spot 197.65."
2022-05-10,B,OPEN,NEW_ENTRY,594.00,197.65,"Sell 3x 260C 2022-06-24 (45 DTE, delta 0.11), credit 1.99 start / 1.98 floor. Spot 197.65."
2022-05-18,A,CLOSE,PROFIT_TARGET,-312.00,192.24,"Profit target hit. 240C 2022-06-10 | spot 192.24 | DTE 23 | profit 57%"
2022-05-19,A,OPEN,NEW_ENTRY,687.00,191.29,"Sell 3x 232.5C 2022-06-17 (29 DTE, delta 0.15), credit 2.30 start / 2.29 floor. Spot 191.29."
2022-05-19,B,CLOSE,PROFIT_TARGET,-273.00,191.29,"Profit target hit. 260C 2022-06-24 | spot 191.29 | DTE 36 | profit 54%"
2022-05-20,B,OPEN,NEW_ENTRY,612.00,193.54,"Sell 3x 252.5C 2022-07-01 (42 DTE, delta 0.12), credit 2.05 start / 2.04 floor. Spot 193.54."
2022-05-24,A,CLOSE,PROFIT_TARGET,-297.00,181.28,"Profit target hit. 232.5C 2022-06-17 | spot 181.28 | DTE 24 | profit 57%"
2022-05-25,A,OPEN,NEW_ENTRY,732.00,183.83,"Sell 3x 227.5C 2022-06-24 (30 DTE, delta 0.15), credit 2.44 start / 2.44 floor. Spot 183.83."
2022-06-03,A,ROLL,TIME_STOP_ROLL,108.00,190.78,"21 DTE with < 40% profit. 227.5C 2022-06-24 | spot 190.78 | DTE 21 | profit 7% -> roll to 242.5C 2022-07-08 (35 DTE, delta 0.14), net credit 0.37 start / 0.35 floor."
2022-06-06,B,CLOSE,PROFIT_TARGET,-270.00,194.25,"Profit target hit. 252.5C 2022-07-01 | spot 194.25 | DTE 25 | profit 56%"
2022-06-09,A,CLOSE,PROFIT_TARGET,-351.00,184.00,"Profit target hit. 242.5C 2022-07-08 | spot 184.00 | DTE 29 | profit 56%"
2022-06-10,A,OPEN,NEW_ENTRY,669.00,175.57,"Sell 3x 217.5C 2022-07-08 (28 DTE, delta 0.15), credit 2.23 start / 2.23 floor. Spot 175.57."
2022-06-13,A,CLOSE,PROFIT_TARGET,-264.00,164.26,"Profit target hit. 217.5C 2022-07-08 | spot 164.26 | DTE 25 | profit 61%"
2022-08-01,A,OPEN,NEW_ENTRY,651.00,159.93,"Sell 3x 200C 2022-09-02 (32 DTE, delta 0.15), credit 2.17 start / 2.17 floor. Spot 159.93."
2022-08-01,B,OPEN,NEW_ENTRY,555.00,159.93,"Sell 3x 217.5C 2022-09-16 (46 DTE, delta 0.11), credit 1.86 start / 1.85 floor. Spot 159.93."
2022-08-12,A,CLOSE,TIME_STOP_ROLL,-1170.00,180.50,"21 DTE with < 40% profit. 200C 2022-09-02 | spot 180.50 | DTE 21 | profit -80% No credit roll available: closing."
2022-08-15,A,OPEN,NEW_ENTRY,711.00,180.89,"Sell 3x 220C 2022-09-16 (32 DTE, delta 0.16), credit 2.37 start / 2.37 floor. Spot 180.89."
2022-08-18,A,CLOSE,PROFIT_TARGET,-348.00,174.66,"Profit target hit. 220C 2022-09-16 | spot 174.66 | DTE 29 | profit 51%"
2022-08-19,A,OPEN,NEW_ENTRY,597.00,167.96,"Sell 3x 202.5C 2022-09-16 (28 DTE, delta 0.15), credit 2.00 start / 1.99 floor. Spot 167.96."
2022-08-19,B,CLOSE,PROFIT_TARGET,-234.00,167.96,"Profit target hit. 217.5C 2022-09-16 | spot 167.96 | DTE 28 | profit 58%"
2022-08-22,B,OPEN,NEW_ENTRY,555.00,163.05,"Sell 3x 215C 2022-10-07 (46 DTE, delta 0.12), credit 1.86 start / 1.85 floor. Spot 163.05."
2022-08-23,A,CLOSE,PROFIT_TARGET,-219.00,161.11,"Profit target hit. 202.5C 2022-09-16 | spot 161.11 | DTE 24 | profit 63%"
2022-08-24,A,OPEN,NEW_ENTRY,585.00,163.26,"Sell 3x 197.5C 2022-09-23 (30 DTE, delta 0.15), credit 1.96 start / 1.95 floor. Spot 163.26."
2022-08-29,B,CLOSE,PROFIT_TARGET,-261.00,159.17,"Profit target hit. 215C 2022-10-07 | spot 159.17 | DTE 39 | profit 53%"
2022-08-30,A,CLOSE,PROFIT_TARGET,-222.00,157.16,"Profit target hit. 197.5C 2022-09-23 | spot 157.16 | DTE 24 | profit 62%"
2022-08-31,A,OPEN,NEW_ENTRY,546.00,162.93,"Sell 3x 197.5C 2022-09-30 (30 DTE, delta 0.14), credit 1.82 start / 1.82 floor. Spot 162.93."
2022-09-06,A,CLOSE,PROFIT_TARGET,-132.00,158.54,"Profit target hit. 197.5C 2022-09-30 | spot 158.54 | DTE 24 | profit 76%"
2022-09-07,A,OPEN,NEW_ENTRY,474.00,160.39,"Sell 3x 190C 2022-10-07 (30 DTE, delta 0.14), credit 1.58 start / 1.58 floor. Spot 160.39."
2022-09-13,A,CLOSE,PROFIT_TARGET,-219.00,153.13,"Profit target hit. 190C 2022-10-07 | spot 153.13 | DTE 24 | profit 53%"
2022-10-31,A,OPEN,NEW_ENTRY,330.00,93.16,"Sell 3x 111C 2022-12-02 (32 DTE, delta 0.15), credit 1.10 start / 1.10 floor. Spot 93.16."
2022-10-31,B,OPEN,NEW_ENTRY,276.00,93.16,"Sell 3x 119C 2022-12-16 (46 DTE, delta 0.12), credit 0.92 start / 0.92 floor. Spot 93.16."
2022-11-03,A,CLOSE,PROFIT_TARGET,-162.00,88.91,"Profit target hit. 111C 2022-12-02 | spot 88.91 | DTE 29 | profit 51%"
2022-11-04,A,OPEN,NEW_ENTRY,309.00,90.79,"Sell 3x 108C 2022-12-02 (28 DTE, delta 0.15), credit 1.03 start / 1.03 floor. Spot 90.79."
2022-11-10,A,CLOSE,PROXIMITY,-2895.00,111.87,"Spot within 2% of strike. 108C 2022-12-02 | spot 111.87 | DTE 22 | profit -835% No credit roll available: closing."
2022-11-11,A,OPEN,NEW_ENTRY,489.00,113.02,"Sell 3x 143C 2022-12-16 (35 DTE, delta 0.15), credit 1.63 start / 1.63 floor. Spot 113.02."
2022-11-15,B,ROLL,PROXIMITY,90.00,117.08,"Spot within 2% of strike. 119C 2022-12-16 | spot 117.08 | DTE 31 | profit -818% -> roll to 123C 2022-12-30 (45 DTE, delta 0.47), net credit 0.30 start / 0.25 floor."
2022-11-21,A,CLOSE,PROFIT_TARGET,-177.00,109.86,"Profit target hit. 143C 2022-12-16 | spot 109.86 | DTE 25 | profit 63%"
2022-11-22,A,OPEN,NEW_ENTRY,459.00,111.44,"Sell 3x 139C 2022-12-23 (31 DTE, delta 0.15), credit 1.53 start / 1.53 floor. Spot 111.44."
2022-11-28,A,CLOSE,PROFIT_TARGET,-210.00,108.78,"Profit target hit. 139C 2022-12-23 | spot 108.78 | DTE 25 | profit 54%"
2022-11-28,B,CLOSE,PROFIT_TARGET,-1095.00,108.78,"Profit target hit. 123C 2022-12-30 | spot 108.78 | DTE 32 | profit 58%"
2022-11-29,A,OPEN,NEW_ENTRY,423.00,109.46,"Sell 3x 136C 2022-12-30 (31 DTE, delta 0.15), credit 1.41 start / 1.41 floor. Spot 109.46."
2022-11-29,B,OPEN,NEW_ENTRY,378.00,109.46,"Sell 3x 147C 2023-01-13 (45 DTE, delta 0.12), credit 1.27 start / 1.26 floor. Spot 109.46."
2022-12-09,A,ROLL,TIME_STOP_ROLL,18.00,115.90,"21 DTE with < 40% profit. 136C 2022-12-30 | spot 115.90 | DTE 21 | profit -15% -> roll to 146C 2023-01-13 (35 DTE, delta 0.15), net credit 0.07 start / 0.06 floor."
2022-12-19,A,CLOSE,PROFIT_TARGET,-210.00,114.48,"Profit target hit. 146C 2023-01-13 | spot 114.48 | DTE 25 | profit 58%"
2022-12-22,B,CLOSE,PROFIT_TARGET,-159.00,117.12,"Profit target hit. 147C 2023-01-13 | spot 117.12 | DTE 22 | profit 58%"
2023-02-06,A,OPEN,NEW_ENTRY,426.00,186.06,"Sell 3x 210C 2023-03-10 (32 DTE, delta 0.15), credit 1.43 start / 1.42 floor. Spot 186.06."
2023-02-06,B,OPEN,NEW_ENTRY,363.00,186.06,"Sell 3x 220C 2023-03-24 (46 DTE, delta 0.11), credit 1.22 start / 1.21 floor. Spot 186.06."
2023-02-10,A,CLOSE,PROFIT_TARGET,-150.00,174.15,"Profit target hit. 210C 2023-03-10 | spot 174.15 | DTE 28 | profit 65%"
2023-02-10,B,CLOSE,PROFIT_TARGET,-171.00,174.15,"Profit target hit. 220C 2023-03-24 | spot 174.15 | DTE 42 | profit 52%"
2023-02-13,B,OPEN,NEW_ENTRY,423.00,179.43,"Sell 3x 217.5C 2023-03-31 (46 DTE, delta 0.12), credit 1.42 start / 1.41 floor. Spot 179.43."
2023-02-14,A,OPEN,NEW_ENTRY,468.00,179.48,"Sell 3x 205C 2023-03-17 (31 DTE, delta 0.15), credit 1.56 start / 1.56 floor. Spot 179.48."
2023-02-16,A,CLOSE,PROFIT_TARGET,-201.00,172.44,"Profit target hit. 205C 2023-03-17 | spot 172.44 | DTE 29 | profit 57%"
2023-02-16,B,CLOSE,PROFIT_TARGET,-174.00,172.44,"Profit target hit. 217.5C 2023-03-31 | spot 172.44 | DTE 43 | profit 59%"
2023-02-17,A,OPEN,NEW_ENTRY,453.00,172.88,"Sell 3x 200C 2023-03-24 (35 DTE, delta 0.14), credit 1.51 start / 1.51 floor. Spot 172.88."
2023-02-17,B,OPEN,NEW_ENTRY,354.00,172.88,"Sell 3x 207.5C 2023-03-31 (42 DTE, delta 0.11), credit 1.19 start / 1.18 floor. Spot 172.88."
2023-02-24,A,CLOSE,PROFIT_TARGET,-198.00,170.39,"Profit target hit. 200C 2023-03-24 | spot 170.39 | DTE 28 | profit 56%"
2023-02-24,B,CLOSE,PROFIT_TARGET,-159.00,170.39,"Profit target hit. 207.5C 2023-03-31 | spot 170.39 | DTE 35 | profit 55%"
2023-02-27,A,OPEN,NEW_ENTRY,471.00,169.54,"Sell 3x 192.5C 2023-03-31 (32 DTE, delta 0.16), credit 1.57 start / 1.57 floor. Spot 169.54."
2023-03-10,A,CLOSE,TIME_STOP_ROLL,-858.00,179.51,"21 DTE with < 40% profit. 192.5C 2023-03-31 | spot 179.51 | DTE 21 | profit -82% No credit roll available: closing."
2023-05-01,A,OPEN,NEW_ENTRY,516.00,243.18,"Sell 3x 267.5C 2023-06-02 (32 DTE, delta 0.16), credit 1.72 start / 1.72 floor. Spot 243.18."
2023-05-01,B,OPEN,NEW_ENTRY,378.00,243.18,"Sell 3x 280C 2023-06-16 (46 DTE, delta 0.11), credit 1.27 start / 1.26 floor. Spot 243.18."
2023-05-02,A,CLOSE,PROFIT_TARGET,-183.00,239.24,"Profit target hit. 267.5C 2023-06-02 | spot 239.24 | DTE 31 | profit 64%"
2023-05-02,B,CLOSE,PROFIT_TARGET,-126.00,239.24,"Profit target hit. 280C 2023-06-16 | spot 239.24 | DTE 45 | profit 67%"
2023-05-03,A,OPEN,NEW_ENTRY,393.00,237.03,"Sell 3x 257.5C 2023-06-02 (30 DTE, delta 0.15), credit 1.32 start / 1.31 floor. Spot 237.03."
2023-05-03,B,OPEN,NEW_ENTRY,378.00,237.03,"Sell 3x 265C 2023-06-16 (44 DTE, delta 0.12), credit 1.27 start / 1.26 floor. Spot 237.03."
2023-05-05,A,CLOSE,PROFIT_TARGET,-180.00,232.78,"Profit target hit. 257.5C 2023-06-02 | spot 232.78 | DTE 28 | profit 54%"
2023-05-08,A,OPEN,NEW_ENTRY,381.00,233.27,"Sell 3x 252.5C 2023-06-09 (32 DTE, delta 0.15), credit 1.27 start / 1.27 floor. Spot 233.27."
2023-05-08,B,CLOSE,PROFIT_TARGET,-141.00,233.27,"Profit target hit. 265C 2023-06-16 | spot 233.27 | DTE 39 | profit 62%"
2023-05-09,B,OPEN,NEW_ENTRY,321.00,233.37,"Sell 3x 260C 2023-06-23 (45 DTE, delta 0.12), credit 1.07 start / 1.07 floor. Spot 233.37."
2023-05-19,A,CLOSE,TIME_STOP_ROLL,-867.00,245.64,"21 DTE with < 40% profit. 252.5C 2023-06-09 | spot 245.64 | DTE 21 | profit -127% No credit roll available: closing."
2023-05-22,A,OPEN,NEW_ENTRY,393.00,248.32,"Sell 3x 267.5C 2023-06-23 (32 DTE, delta 0.15), credit 1.32 start / 1.31 floor. Spot 248.32."
2023-05-26,B,CLOSE,PROXIMITY,-2505.00,262.04,"Spot within 2% of strike. 260C 2023-06-23 | spot 262.04 | DTE 28 | profit -679% No credit roll available: closing."
2023-05-30,A,ROLL,PROXIMITY,255.00,262.52,"Spot within 2% of strike. 267.5C 2023-06-23 | spot 262.52 | DTE 24 | profit -241% -> roll to 270C 2023-07-07 (38 DTE, delta 0.39), net credit 0.81 start / 0.78 floor."
2023-05-31,A,CLOSE,PROXIMITY,-1785.00,264.72,"Spot within 2% of strike. 270C 2023-07-07 | spot 264.72 | DTE 37 | profit -12% No credit roll available: closing."
2023-06-01,A,OPEN,NEW_ENTRY,414.00,272.61,"Sell 3x 295C 2023-06-30 (29 DTE, delta 0.15), credit 1.39 start / 1.38 floor. Spot 272.61."
2023-06-07,A,CLOSE,PROFIT_TARGET,-102.00,263.60,"Profit target hit. 295C 2023-06-30 | spot 263.60 | DTE 23 | profit 75%"
2023-06-08,A,OPEN,NEW_ENTRY,435.00,264.58,"Sell 3x 285C 2023-07-07 (29 DTE, delta 0.16), credit 1.45 start / 1.45 floor. Spot 264.58."
2023-06-15,A,CLOSE,PROXIMITY,-1740.00,281.83,"Spot within 2% of strike. 285C 2023-07-07 | spot 281.83 | DTE 22 | profit -300% No credit roll available: closing."
2023-07-31,A,OPEN,NEW_ENTRY,810.00,318.60,"Sell 3x 360C 2023-09-01 (32 DTE, delta 0.15), credit 2.71 start / 2.70 floor. Spot 318.60."
2023-07-31,B,OPEN,NEW_ENTRY,696.00,318.60,"Sell 3x 377.5C 2023-09-15 (46 DTE, delta 0.12), credit 2.32 start / 2.32 floor. Spot 318.60."
2023-08-04,A,CLOSE,PROFIT_TARGET,-387.00,310.73,"Profit target hit. 360C 2023-09-01 | spot 310.73 | DTE 28 | profit 52%"
2023-08-07,A,OPEN,NEW_ENTRY,744.00,316.56,"Sell 3x 360C 2023-09-08 (32 DTE, delta 0.14), credit 2.48 start / 2.48 floor. Spot 316.56."
2023-08-08,B,CLOSE,PROFIT_TARGET,-348.00,312.64,"Profit target hit. 377.5C 2023-09-15 | spot 312.64 | DTE 38 | profit 50%"
2023-08-09,A,CLOSE,PROFIT_TARGET,-273.00,305.21,"Profit target hit. 360C 2023-09-08 | spot 305.21 | DTE 30 | profit 63%"
2023-08-09,B,OPEN,NEW_ENTRY,615.00,305.21,"Sell 3x 360C 2023-09-22 (44 DTE, delta 0.11), credit 2.06 start / 2.05 floor. Spot 305.21."
2023-08-10,A,OPEN,NEW_ENTRY,654.00,305.74,"Sell 3x 342.5C 2023-09-08 (29 DTE, delta 0.15), credit 2.18 start / 2.18 floor. Spot 305.74."
2023-08-16,A,CLOSE,PROFIT_TARGET,-183.00,294.29,"Profit target hit. 342.5C 2023-09-08 | spot 294.29 | DTE 23 | profit 72%"
2023-08-16,B,CLOSE,PROFIT_TARGET,-195.00,294.29,"Profit target hit. 360C 2023-09-22 | spot 294.29 | DTE 37 | profit 68%"
2023-08-17,A,OPEN,NEW_ENTRY,645.00,285.09,"Sell 3x 320C 2023-09-15 (29 DTE, delta 0.15), credit 2.15 start / 2.15 floor. Spot 285.09."
2023-08-17,B,OPEN,NEW_ENTRY,570.00,285.09,"Sell 3x 335C 2023-09-29 (43 DTE, delta 0.12), credit 1.91 start / 1.90 floor. Spot 285.09."
2023-08-25,A,CLOSE,TIME_STOP_PROFIT,-348.00,285.50,"21 DTE with >= 40% profit. 320C 2023-09-15 | spot 285.50 | DTE 21 | profit 46%"
2023-08-28,A,OPEN,NEW_ENTRY,681.00,290.26,"Sell 3x 327.5C 2023-09-29 (32 DTE, delta 0.15), credit 2.27 start / 2.27 floor. Spot 290.26."
2023-09-08,A,ROLL,TIME_STOP_ROLL,156.00,297.89,"21 DTE with < 40% profit. 327.5C 2023-09-29 | spot 297.89 | DTE 21 | profit 35% -> earnings-buffer roll to 330C 2023-10-06 (28 DTE, delta 0.15), net credit 0.53 start / 0.52 floor."
2023-09-08,B,CLOSE,PROFIT_TARGET,-240.00,297.89,"Profit target hit. 335C 2023-09-29 | spot 297.89 | DTE 21 | profit 58%"
2023-09-15,A,ROLL,TIME_STOP_ROLL,162.00,300.31,"21 DTE with < 40% profit. 330C 2023-10-06 | spot 300.31 | DTE 21 | profit 22% -> earnings-buffer roll to 332.5C 2023-10-13 (28 DTE, delta 0.15), net credit 0.55 start / 0.54 floor."
2023-09-21,A,CLOSE,PROFIT_TARGET,-246.00,295.73,"Profit target hit. 332.5C 2023-10-13 | spot 295.73 | DTE 22 | profit 61%"
2023-10-30,A,OPEN,NEW_ENTRY,684.00,302.66,"Sell 3x 337.5C 2023-12-01 (32 DTE, delta 0.15), credit 2.28 start / 2.28 floor. Spot 302.66."
2023-10-30,B,OPEN,NEW_ENTRY,573.00,302.66,"Sell 3x 352.5C 2023-12-15 (46 DTE, delta 0.12), credit 1.92 start / 1.91 floor. Spot 302.66."
2023-11-10,A,CLOSE,TIME_STOP_ROLL,-2220.00,328.77,"21 DTE with < 40% profit. 337.5C 2023-12-01 | spot 328.77 | DTE 21 | profit -225% No credit roll available: closing."
2023-11-13,A,OPEN,NEW_ENTRY,750.00,329.19,"Sell 3x 367.5C 2023-12-15 (32 DTE, delta 0.15), credit 2.51 start / 2.50 floor. Spot 329.19."
2023-11-24,A,ROLL,TIME_STOP_ROLL,279.00,338.23,"21 DTE with < 40% profit. 367.5C 2023-12-15 | spot 338.23 | DTE 21 | profit 22% -> roll to 380C 2024-01-05 (42 DTE, delta 0.16), net credit 0.94 start / 0.93 floor."
2023-11-24,B,CLOSE,TIME_STOP_ROLL,-1515.00,338.23,"21 DTE with < 40% profit. 352.5C 2023-12-15 | spot 338.23 | DTE 21 | profit -165% No credit roll available: closing."
2023-11-27,B,OPEN,NEW_ENTRY,651.00,334.70,"Sell 3x 385C 2024-01-12 (46 DTE, delta 0.12), credit 2.17 start / 2.17 floor. Spot 334.70."
2023-11-29,A,CLOSE,PROFIT_TARGET,-405.00,332.20,"Profit target hit. 380C 2024-01-05 | spot 332.20 | DTE 37 | profit 53%"
2023-11-30,A,OPEN,NEW_ENTRY,642.00,327.15,"Sell 3x 360C 2023-12-29 (29 DTE, delta 0.15), credit 2.14 start / 2.14 floor. Spot 327.15."
2023-11-30,B,CLOSE,PROFIT_TARGET,-312.00,327.15,"Profit target hit. 385C 2024-01-12 | spot 327.15 | DTE 43 | profit 52%"
2023-12-01,B,OPEN,NEW_ENTRY,525.00,324.82,"Sell 3x 370C 2024-01-12 (42 DTE, delta 0.11), credit 1.75 start / 1.75 floor. Spot 324.82."
2023-12-04,A,CLOSE,PROFIT_TARGET,-243.00,320.02,"Profit target hit. 360C 2023-12-29 | spot 320.02 | DTE 25 | profit 62%"
2023-12-05,A,OPEN,NEW_ENTRY,627.00,318.29,"Sell 3x 350C 2024-01-05 (31 DTE, delta 0.15), credit 2.09 start / 2.09 floor. Spot 318.29."
2023-12-05,B,CLOSE,PROFIT_TARGET,-252.00,318.29,"Profit target hit. 370C 2024-01-12 | spot 318.29 | DTE 38 | profit 52%"
2023-12-15,A,CLOSE,TIME_STOP_ROLL,-900.00,334.92,"21 DTE with < 40% profit. 350C 2024-01-05 | spot 334.92 | DTE 21 | profit -43% No credit roll available: closing."
2024-02-06,B,OPEN,NEW_ENTRY,699.00,454.72,"Sell 3x 515C 2024-03-22 (45 DTE, delta 0.11), credit 2.33 start / 2.33 floor. Spot 454.72."
2024-02-07,A,OPEN,NEW_ENTRY,870.00,469.59,"Sell 3x 515C 2024-03-08 (30 DTE, delta 0.15), credit 2.91 start / 2.90 floor. Spot 469.59."
2024-02-13,A,CLOSE,PROFIT_TARGET,-366.00,460.12,"Profit target hit. 515C 2024-03-08 | spot 460.12 | DTE 24 | profit 58%"
2024-02-14,A,OPEN,NEW_ENTRY,1005.00,473.28,"Sell 3x 520C 2024-03-15 (30 DTE, delta 0.16), credit 3.35 start / 3.35 floor. Spot 473.28."
2024-02-23,A,CLOSE,TIME_STOP_ROLL,-1230.00,484.03,"21 DTE with < 40% profit. 520C 2024-03-15 | spot 484.03 | DTE 21 | profit -23% No credit roll available: closing."
2024-02-26,A,OPEN,NEW_ENTRY,897.00,481.74,"Sell 3x 535C 2024-03-28 (31 DTE, delta 0.14), credit 3.00 start / 2.99 floor. Spot 481.74."
2024-03-01,B,CLOSE,TIME_STOP_ROLL,-3060.00,502.30,"21 DTE with < 40% profit. 515C 2024-03-22 | spot 502.30 | DTE 21 | profit -337% No credit roll available: closing."
2024-03-07,A,CLOSE,TIME_STOP_ROLL,-2340.00,512.19,"21 DTE with < 40% profit. 535C 2024-03-28 | spot 512.19 | DTE 21 | profit -160% No credit roll available: closing."
2024-03-08,A,OPEN,NEW_ENTRY,1020.00,505.95,"Sell 3x 560C 2024-04-05 (28 DTE, delta 0.15), credit 3.40 start / 3.40 floor. Spot 505.95."
2024-03-11,A,CLOSE,PROFIT_TARGET,-408.00,483.59,"Profit target hit. 560C 2024-04-05 | spot 483.59 | DTE 25 | profit 60%"
2024-04-29,A,OPEN,NEW_ENTRY,888.00,432.62,"Sell 3x 480C 2024-05-31 (32 DTE, delta 0.15), credit 2.97 start / 2.96 floor. Spot 432.62."
2024-04-29,B,OPEN,NEW_ENTRY,753.00,432.62,"Sell 3x 500C 2024-06-14 (46 DTE, delta 0.11), credit 2.51 start / 2.51 floor. Spot 432.62."
2024-05-08,A,ROLL,PROXIMITY,135.00,472.60,"Spot within 2% of strike. 480C 2024-05-31 | spot 472.60 | DTE 23 | profit -323% -> roll to 495C 2024-06-21 (44 DTE, delta 0.38), net credit 0.50 start / 0.42 floor."
2024-05-21,A,CLOSE,PROFIT_TARGET,-1860.00,464.63,"Profit target hit. 495C 2024-06-21 | spot 464.63 | DTE 31 | profit 52%"
2024-05-22,A,OPEN,NEW_ENTRY,915.00,467.78,"Sell 3x 515C 2024-06-21 (30 DTE, delta 0.15), credit 3.05 start / 3.05 floor. Spot 467.78."
2024-05-24,B,CLOSE,TIME_STOP_ROLL,-1980.00,478.22,"21 DTE with < 40% profit. 500C 2024-06-14 | spot 478.22 | DTE 21 | profit -164% No credit roll available: closing."
2024-05-28,B,OPEN,NEW_ENTRY,843.00,479.92,"Sell 3x 550C 2024-07-12 (45 DTE, delta 0.12), credit 2.82 start / 2.81 floor. Spot 479.92."
2024-05-30,B,CLOSE,PROFIT_TARGET,-408.00,467.05,"Profit target hit. 550C 2024-07-12 | spot 467.05 | DTE 43 | profit 52%"
2024-05-31,A,CLOSE,PROFIT_TARGET,-435.00,466.83,"Profit target hit. 515C 2024-06-21 | spot 466.83 | DTE 21 | profit 52%"
2024-05-31,B,OPEN,NEW_ENTRY,813.00,466.83,"Sell 3x 530C 2024-07-12 (42 DTE, delta 0.12), credit 2.72 start / 2.71 floor. Spot 466.83."
2024-06-04,A,OPEN,NEW_ENTRY,807.00,476.99,"Sell 3x 520C 2024-07-05 (31 DTE, delta 0.15), credit 2.70 start / 2.69 floor. Spot 476.99."
2024-06-14,A,CLOSE,TIME_STOP_ROLL,-1980.00,504.16,"21 DTE with < 40% profit. 520C 2024-07-05 | spot 504.16 | DTE 21 | profit -146% No credit roll available: closing."
2024-06-21,B,CLOSE,TIME_STOP_ROLL,-573.00,494.78,"21 DTE with < 40% profit. 530C 2024-07-12 | spot 494.78 | DTE 21 | profit 30% No credit roll available: closing."
2024-08-05,A,OPEN,NEW_ENTRY,1410.00,475.73,"Sell 3x 555C 2024-09-06 (32 DTE, delta 0.15), credit 4.70 start / 4.70 floor. Spot 475.73."
2024-08-05,B,OPEN,NEW_ENTRY,1170.00,475.73,"Sell 3x 590C 2024-09-20 (46 DTE, delta 0.11), credit 3.90 start / 3.90 floor. Spot 475.73."
2024-08-16,A,CLOSE,TIME_STOP_ROLL,-4470.00,527.42,"21 DTE with < 40% profit. 555C 2024-09-06 | spot 527.42 | DTE 21 | profit -216% No credit roll available: closing."
2024-08-19,A,OPEN,NEW_ENTRY,1635.00,529.28,"Sell 3x 615C 2024-09-20 (32 DTE, delta 0.15), credit 5.45 start / 5.45 floor. Spot 529.28."
2024-08-26,A,CLOSE,PROFIT_TARGET,-615.00,521.12,"Profit target hit. 615C 2024-09-20 | spot 521.12 | DTE 25 | profit 62%"
2024-08-27,A,OPEN,NEW_ENTRY,1530.00,519.10,"Sell 3x 595C 2024-09-27 (31 DTE, delta 0.16), credit 5.10 start / 5.10 floor. Spot 519.10."
2024-08-30,B,CLOSE,PROFIT_TARGET,-555.00,521.31,"Profit target hit. 590C 2024-09-20 | spot 521.31 | DTE 21 | profit 53%"
2024-09-03,A,CLOSE,PROFIT_TARGET,-405.00,511.76,"Profit target hit. 595C 2024-09-27 | spot 511.76 | DTE 24 | profit 74%"
2024-09-04,A,OPEN,NEW_ENTRY,1260.00,512.74,"Sell 3x 575C 2024-10-04 (30 DTE, delta 0.16), credit 4.20 start / 4.20 floor. Spot 512.74."
2024-09-06,A,CLOSE,PROFIT_TARGET,-429.00,500.27,"Profit target hit. 575C 2024-10-04 | spot 500.27 | DTE 28 | profit 66%"
2024-09-09,A,OPEN,NEW_ENTRY,1170.00,504.79,"Sell 3x 560C 2024-10-11 (32 DTE, delta 0.16), credit 3.90 start / 3.90 floor. Spot 504.79."
2024-09-19,A,CLOSE,PROXIMITY,-4935.00,559.10,"Spot within 2% of strike. 560C 2024-10-11 | spot 559.10 | DTE 22 | profit -321% No credit roll available: closing."
2024-11-04,A,OPEN,NEW_ENTRY,849.00,560.68,"Sell 3x 605C 2024-12-06 (32 DTE, delta 0.15), credit 2.84 start / 2.83 floor. Spot 560.68."
2024-11-04,B,OPEN,NEW_ENTRY,675.00,560.68,"Sell 3x 625C 2024-12-20 (46 DTE, delta 0.11), credit 2.25 start / 2.25 floor. Spot 560.68."
2024-11-15,A,ROLL,TIME_STOP_ROLL,531.00,554.08,"21 DTE with < 40% profit. 605C 2024-12-06 | spot 554.08 | DTE 21 | profit 28% -> roll to 620C 2024-12-27 (42 DTE, delta 0.14), net credit 1.77 start / 1.75 floor."
2024-11-29,B,ROLL,TIME_STOP_ROLL,318.00,574.32,"21 DTE with < 40% profit. 625C 2024-12-20 | spot 574.32 | DTE 21 | profit 19% -> roll to 645C 2025-01-10 (42 DTE, delta 0.12), net credit 1.08 start / 1.06 floor."
2024-12-03,A,ROLL,PROXIMITY,330.00,613.65,"Spot within 2% of strike. 620C 2024-12-27 | spot 613.65 | DTE 24 | profit -350% -> roll to 630C 2025-01-10 (38 DTE, delta 0.43), net credit 1.15 start / 1.05 floor."
2024-12-06,A,CLOSE,PROXIMITY,-6195.00,623.77,"Spot within 2% of strike. 630C 2025-01-10 | spot 623.77 | DTE 35 | profit -13% No credit roll available: closing."
2024-12-09,A,OPEN,NEW_ENTRY,1290.00,613.57,"Sell 3x 675C 2025-01-10 (32 DTE, delta 0.16), credit 4.30 start / 4.30 floor. Spot 613.57."
2024-12-11,B,ROLL,PROXIMITY,150.00,632.68,"Spot within 2% of strike. 645C 2025-01-10 | spot 632.68 | DTE 30 | profit -504% -> earnings-buffer roll to 650C 2025-01-17 (37 DTE, delta 0.43), net credit 0.60 start / 0.49 floor."
2024-12-18,A,CLOSE,PROFIT_TARGET,-450.00,597.19,"Profit target hit. 675C 2025-01-10 | spot 597.19 | DTE 23 | profit 65%"
2024-12-18,B,CLOSE,PROFIT_TARGET,-1770.00,597.19,"Profit target hit. 650C 2025-01-17 | spot 597.19 | DTE 30 | profit 67%"
2025-02-03,A,OPEN,NEW_ENTRY,1440.00,697.46,"Sell 3x 780C 2025-03-07 (32 DTE, delta 0.14), credit 4.80 start / 4.80 floor. Spot 697.46."
2025-02-03,B,OPEN,NEW_ENTRY,1335.00,697.46,"Sell 3x 810C 2025-03-21 (46 DTE, delta 0.12), credit 4.45 start / 4.45 floor. Spot 697.46."
2025-02-14,A,CLOSE,TIME_STOP_ROLL,-1545.00,736.67,"21 DTE with < 40% profit. 780C 2025-03-07 | spot 736.67 | DTE 21 | profit -7% No credit roll available: closing."
2025-02-18,B,CLOSE,PROFIT_TARGET,-609.00,716.37,"Profit target hit. 810C 2025-03-21 | spot 716.37 | DTE 31 | profit 54%"
2025-02-19,A,OPEN,NEW_ENTRY,1365.00,703.77,"Sell 3x 770C 2025-03-21 (30 DTE, delta 0.16), credit 4.55 start / 4.55 floor. Spot 703.77."
2025-02-19,B,OPEN,NEW_ENTRY,1155.00,703.77,"Sell 3x 800C 2025-04-04 (44 DTE, delta 0.12), credit 3.85 start / 3.85 floor. Spot 703.77."
2025-02-21,A,CLOSE,PROFIT_TARGET,-426.00,683.55,"Profit target hit. 770C 2025-03-21 | spot 683.55 | DTE 28 | profit 69%"
2025-02-21,B,CLOSE,PROFIT_TARGET,-396.00,683.55,"Profit target hit. 800C 2025-04-04 | spot 683.55 | DTE 42 | profit 66%"
2025-02-24,A,OPEN,NEW_ENTRY,1290.00,668.13,"Sell 3x 730C 2025-03-28 (32 DTE, delta 0.16), credit 4.30 start / 4.30 floor. Spot 668.13."
2025-02-24,B,OPEN,NEW_ENTRY,990.00,668.13,"Sell 3x 760C 2025-04-11 (46 DTE, delta 0.11), credit 3.30 start / 3.30 floor. Spot 668.13."
2025-03-03,A,CLOSE,PROFIT_TARGET,-423.00,655.05,"Profit target hit. 730C 2025-03-28 | spot 655.05 | DTE 25 | profit 67%"
2025-03-03,B,CLOSE,PROFIT_TARGET,-378.00,655.05,"Profit target hit. 760C 2025-04-11 | spot 655.05 | DTE 39 | profit 62%"
2025-03-04,A,OPEN,NEW_ENTRY,1215.00,640.00,"Sell 3x 700C 2025-04-04 (31 DTE, delta 0.15), credit 4.05 start / 4.05 floor. Spot 640.00."
2025-03-10,A,CLOSE,PROFIT_TARGET,-318.00,597.99,"Profit target hit. 700C 2025-04-04 | spot 597.99 | DTE 25 | profit 74%"
2025-03-11,A,OPEN,NEW_ENTRY,1290.00,605.71,"Sell 3x 680C 2025-04-11 (31 DTE, delta 0.14), credit 4.30 start / 4.30 floor. Spot 605.71."
2025-03-18,A,CLOSE,PROFIT_TARGET,-540.00,582.36,"Profit target hit. 680C 2025-04-11 | spot 582.36 | DTE 24 | profit 58%"
2025-05-05,A,OPEN,NEW_ENTRY,2715.00,599.27,"Sell 3x 775C 2025-06-06 (32 DTE, delta 0.15), credit 9.05 start / 9.05 floor. Spot 599.27."
2025-05-16,A,ROLL,TIME_STOP_ROLL,45.00,640.34,"21 DTE with < 40% profit. 775C 2025-06-06 | spot 640.34 | DTE 21 | profit -13% -> roll to 845C 2025-06-20 (35 DTE, delta 0.15), net credit 0.17 start / 0.11 floor."
2025-05-20,A,CLOSE,PROFIT_TARGET,-1395.00,637.10,"Profit target hit. 845C 2025-06-20 | spot 637.10 | DTE 31 | profit 55%"
2025-05-20,B,OPEN,NEW_ENTRY,2250.00,637.10,"Sell 3x 865C 2025-07-03 (44 DTE, delta 0.12), credit 7.50 start / 7.50 floor. Spot 637.10."
2025-05-21,A,OPEN,NEW_ENTRY,2640.00,635.50,"Sell 3x 790C 2025-06-20 (30 DTE, delta 0.15), credit 8.80 start / 8.80 floor. Spot 635.50."
2025-05-23,A,CLOSE,PROFIT_TARGET,-573.00,627.06,"Profit target hit. 790C 2025-06-20 | spot 627.06 | DTE 28 | profit 78%"
2025-05-23,B,CLOSE,PROFIT_TARGET,-366.00,627.06,"Profit target hit. 865C 2025-07-03 | spot 627.06 | DTE 41 | profit 84%"
2025-05-27,A,OPEN,NEW_ENTRY,1740.00,642.32,"Sell 3x 745C 2025-06-27 (31 DTE, delta 0.14), credit 5.80 start / 5.80 floor. Spot 642.32."
2025-05-27,B,OPEN,NEW_ENTRY,1590.00,642.32,"Sell 3x 785C 2025-07-11 (45 DTE, delta 0.12), credit 5.30 start / 5.30 floor. Spot 642.32."
2025-06-06,A,CLOSE,TIME_STOP_ROLL,-2790.00,697.71,"21 DTE with < 40% profit. 745C 2025-06-27 | spot 697.71 | DTE 21 | profit -60% No credit roll available: closing."
2025-06-09,A,OPEN,NEW_ENTRY,1740.00,694.06,"Sell 3x 785C 2025-07-11 (32 DTE, delta 0.15), credit 5.80 start / 5.80 floor. Spot 694.06."
2025-06-18,A,CLOSE,PROFIT_TARGET,-870.00,695.77,"Profit target hit. 785C 2025-07-11 | spot 695.77 | DTE 23 | profit 50%"
2025-06-20,B,CLOSE,PROFIT_TARGET,-468.00,682.35,"Profit target hit. 785C 2025-07-11 | spot 682.35 | DTE 21 | profit 71%"
2025-08-04,A,OPEN,NEW_ENTRY,1560.00,776.37,"Sell 3x 850C 2025-09-05 (32 DTE, delta 0.16), credit 5.20 start / 5.20 floor. Spot 776.37."
2025-08-04,B,OPEN,NEW_ENTRY,1365.00,776.37,"Sell 3x 880C 2025-09-19 (46 DTE, delta 0.12), credit 4.55 start / 4.55 floor. Spot 776.37."
2025-08-07,A,CLOSE,PROFIT_TARGET,-633.00,761.83,"Profit target hit. 850C 2025-09-05 | spot 761.83 | DTE 29 | profit 59%"
2025-08-07,B,CLOSE,PROFIT_TARGET,-603.00,761.83,"Profit target hit. 880C 2025-09-19 | spot 761.83 | DTE 43 | profit 56%"
2025-08-08,B,OPEN,NEW_ENTRY,1005.00,769.30,"Sell 3x 870C 2025-09-19 (42 DTE, delta 0.10), credit 3.35 start / 3.35 floor. Spot 769.30."
2025-08-13,A,OPEN,NEW_ENTRY,1470.00,780.08,"Sell 3x 850C 2025-09-12 (30 DTE, delta 0.16), credit 4.90 start / 4.90 floor. Spot 780.08."
2025-08-18,A,CLOSE,PROFIT_TARGET,-624.00,767.37,"Profit target hit. 850C 2025-09-12 | spot 767.37 | DTE 25 | profit 58%"
2025-08-19,B,CLOSE,PROFIT_TARGET,-300.00,751.48,"Profit target hit. 870C 2025-09-19 | spot 751.48 | DTE 31 | profit 70%"
2025-08-20,A,OPEN,NEW_ENTRY,1245.00,747.72,"Sell 3x 820C 2025-09-19 (30 DTE, delta 0.14), credit 4.15 start / 4.15 floor. Spot 747.72."
2025-08-20,B,OPEN,NEW_ENTRY,1095.00,747.72,"Sell 3x 850C 2025-10-03 (44 DTE, delta 0.11), credit 3.65 start / 3.65 floor. Spot 747.72."
2025-08-29,A,CLOSE,PROFIT_TARGET,-444.00,738.70,"Profit target hit. 820C 2025-09-19 | spot 738.70 | DTE 21 | profit 64%"
2025-08-29,B,CLOSE,PROFIT_TARGET,-507.00,738.70,"Profit target hit. 850C 2025-10-03 | spot 738.70 | DTE 35 | profit 54%"
2025-09-04,A,OPEN,NEW_ENTRY,1260.00,748.65,"Sell 3x 820C 2025-10-03 (29 DTE, delta 0.14), credit 4.20 start / 4.20 floor. Spot 748.65."
2025-09-12,A,ROLL,TIME_STOP_ROLL,675.00,755.59,"21 DTE with < 40% profit. 820C 2025-10-03 | spot 755.59 | DTE 21 | profit 28% -> earnings-buffer roll to 830C 2025-10-17 (35 DTE, delta 0.16), net credit 2.20 start / 2.18 floor."
2025-09-22,A,CLOSE,PROFIT_TARGET,-714.00,765.16,"Profit target hit. 830C 2025-10-17 | spot 765.16 | DTE 25 | profit 55%"
2025-11-03,B,OPEN,NEW_ENTRY,1050.00,637.71,"Sell 3x 720C 2025-12-19 (46 DTE, delta 0.12), credit 3.50 start / 3.50 floor. Spot 637.71."
2025-11-04,A,OPEN,NEW_ENTRY,1110.00,627.32,"Sell 3x 685C 2025-12-05 (31 DTE, delta 0.15), credit 3.70 start / 3.70 floor. Spot 627.32."
2025-11-12,A,CLOSE,PROFIT_TARGET,-396.00,609.01,"Profit target hit. 685C 2025-12-05 | spot 609.01 | DTE 23 | profit 64%"
2025-11-12,B,CLOSE,PROFIT_TARGET,-324.00,609.01,"Profit target hit. 720C 2025-12-19 | spot 609.01 | DTE 37 | profit 69%"
2025-11-13,A,OPEN,NEW_ENTRY,1065.00,609.89,"Sell 3x 670C 2025-12-12 (29 DTE, delta 0.14), credit 3.55 start / 3.55 floor. Spot 609.89."
2025-11-13,B,OPEN,NEW_ENTRY,960.00,609.89,"Sell 3x 695C 2025-12-26 (43 DTE, delta 0.11), credit 3.20 start / 3.20 floor. Spot 609.89."
2025-11-17,A,CLOSE,PROFIT_TARGET,-483.00,602.01,"Profit target hit. 670C 2025-12-12 | spot 602.01 | DTE 25 | profit 55%"
2025-11-17,B,CLOSE,PROFIT_TARGET,-480.00,602.01,"Profit target hit. 695C 2025-12-26 | spot 602.01 | DTE 39 | profit 50%"
2025-11-18,A,OPEN,NEW_ENTRY,1080.00,597.69,"Sell 3x 655C 2025-12-19 (31 DTE, delta 0.15), credit 3.60 start / 3.60 floor. Spot 597.69."
2025-11-18,B,OPEN,NEW_ENTRY,897.00,597.69,"Sell 3x 680C 2026-01-02 (45 DTE, delta 0.11), credit 3.00 start / 2.99 floor. Spot 597.69."
2025-11-28,A,ROLL,PROXIMITY,75.00,647.95,"Spot within 2% of strike. 655C 2025-12-19 | spot 647.95 | DTE 21 | profit -336% -> roll to 675C 2026-01-09 (42 DTE, delta 0.38), net credit 0.27 start / 0.17 floor."
2025-12-04,A,ROLL,PROXIMITY,150.00,661.53,"Spot within 2% of strike. 675C 2026-01-09 | spot 661.53 | DTE 36 | profit -32% -> earnings-buffer roll to 680C 2026-01-16 (43 DTE, delta 0.44), net credit 0.56 start / 0.43 floor."
2025-12-05,A,CLOSE,PROXIMITY,-8205.00,673.42,"Spot within 2% of strike. 680C 2026-01-16 | spot 673.42 | DTE 42 | profit -27% No credit roll available: closing."
2025-12-05,B,ROLL,PROXIMITY,405.00,673.42,"Spot within 2% of strike. 680C 2026-01-02 | spot 673.42 | DTE 28 | profit -620% -> earnings-buffer roll to 690C 2026-01-16 (42 DTE, delta 0.45), net credit 1.44 start / 1.30 floor."
2025-12-08,A,OPEN,NEW_ENTRY,1425.00,666.80,"Sell 3x 740C 2026-01-09 (32 DTE, delta 0.15), credit 4.75 start / 4.75 floor. Spot 666.80."
2025-12-10,A,CLOSE,PROFIT_TARGET,-702.00,650.13,"Profit target hit. 740C 2026-01-09 | spot 650.13 | DTE 30 | profit 51%"
2025-12-11,A,OPEN,NEW_ENTRY,1365.00,652.71,"Sell 3x 720C 2026-01-09 (29 DTE, delta 0.15), credit 4.55 start / 4.55 floor. Spot 652.71."
2025-12-12,B,CLOSE,PROFIT_TARGET,-3075.00,644.23,"Profit target hit. 690C 2026-01-16 | spot 644.23 | DTE 35 | profit 55%"
2025-12-17,A,CLOSE,PROFIT_TARGET,-681.00,649.50,"Profit target hit. 720C 2026-01-09 | spot 649.50 | DTE 23 | profit 50%"
2026-02-02,B,OPEN,NEW_ENTRY,1215.00,706.41,"Sell 3x 820C 2026-03-20 (46 DTE, delta 0.11), credit 4.05 start / 4.05 floor. Spot 706.41."
2026-02-03,A,OPEN,NEW_ENTRY,1395.00,691.70,"Sell 3x 770C 2026-03-06 (31 DTE, delta 0.15), credit 4.65 start / 4.65 floor. Spot 691.70."
2026-02-04,A,CLOSE,PROFIT_TARGET,-645.00,668.99,"Profit target hit. 770C 2026-03-06 | spot 668.99 | DTE 30 | profit 54%"
2026-02-04,B,CLOSE,PROFIT_TARGET,-399.00,668.99,"Profit target hit. 820C 2026-03-20 | spot 668.99 | DTE 44 | profit 67%"
2026-02-05,B,OPEN,NEW_ENTRY,1095.00,670.21,"Sell 3x 780C 2026-03-20 (43 DTE, delta 0.11), credit 3.65 start / 3.65 floor. Spot 670.21."
2026-02-06,A,OPEN,NEW_ENTRY,1575.00,661.46,"Sell 3x 740C 2026-03-13 (35 DTE, delta 0.16), credit 5.25 start / 5.25 floor. Spot 661.46."
2026-02-12,B,CLOSE,PROFIT_TARGET,-495.00,649.81,"Profit target hit. 780C 2026-03-20 | spot 649.81 | DTE 36 | profit 55%"
2026-02-13,A,CLOSE,PROFIT_TARGET,-606.00,639.77,"Profit target hit. 740C 2026-03-13 | spot 639.77 | DTE 28 | profit 62%"
2026-02-13,B,OPEN,NEW_ENTRY,1215.00,639.77,"Sell 3x 745C 2026-03-27 (42 DTE, delta 0.12), credit 4.05 start / 4.05 floor. Spot 639.77."
2026-02-17,A,OPEN,NEW_ENTRY,1500.00,639.29,"Sell 3x 715C 2026-03-20 (31 DTE, delta 0.15), credit 5.00 start / 5.00 floor. Spot 639.29."
2026-02-27,A,ROLL,TIME_STOP_ROLL,540.00,648.18,"21 DTE with < 40% profit. 715C 2026-03-20 | spot 648.18 | DTE 21 | profit 20% -> roll to 745C 2026-04-10 (42 DTE, delta 0.15), net credit 1.78 start / 1.75 floor."
2026-03-06,B,CLOSE,PROFIT_TARGET,-345.00,644.86,"Profit target hit. 745C 2026-03-27 | spot 644.86 | DTE 21 | profit 72%"
2026-03-09,A,CLOSE,PROFIT_TARGET,-480.00,647.39,"Profit target hit. 745C 2026-04-10 | spot 647.39 | DTE 32 | profit 72%"
2026-03-10,A,OPEN,NEW_ENTRY,1275.00,654.07,"Sell 3x 720C 2026-04-10 (31 DTE, delta 0.15), credit 4.25 start / 4.25 floor. Spot 654.07."
2026-03-12,A,CLOSE,PROFIT_TARGET,-576.00,638.18,"Profit target hit. 720C 2026-04-10 | spot 638.18 | DTE 29 | profit 55%"
2026-03-13,A,OPEN,NEW_ENTRY,1245.00,613.71,"Sell 3x 675C 2026-04-10 (28 DTE, delta 0.15), credit 4.15 start / 4.15 floor. Spot 613.71."
2026-03-19,A,CLOSE,PROFIT_TARGET,-471.00,606.70,"Profit target hit. 675C 2026-04-10 | spot 606.70 | DTE 22 | profit 62%"
2026-05-04,A,OPEN,NEW_ENTRY,1980.00,610.41,"Sell 3x 725C 2026-06-05 (32 DTE, delta 0.15), credit 6.60 start / 6.60 floor. Spot 610.41."
2026-05-04,B,OPEN,NEW_ENTRY,1725.00,610.41,"Sell 3x 770C 2026-06-18 (45 DTE, delta 0.12), credit 5.75 start / 5.75 floor. Spot 610.41."
2026-05-11,A,CLOSE,PROFIT_TARGET,-342.00,598.86,"Profit target hit. 725C 2026-06-05 | spot 598.86 | DTE 25 | profit 83%"
2026-05-11,B,CLOSE,PROFIT_TARGET,-315.00,598.86,"Profit target hit. 770C 2026-06-18 | spot 598.86 | DTE 38 | profit 82%"
2026-05-12,A,OPEN,NEW_ENTRY,1425.00,603.00,"Sell 3x 685C 2026-06-12 (31 DTE, delta 0.14), credit 4.75 start / 4.75 floor. Spot 603.00."
2026-05-12,B,OPEN,NEW_ENTRY,1230.00,603.00,"Sell 3x 720C 2026-06-26 (45 DTE, delta 0.11), credit 4.10 start / 4.10 floor. Spot 603.00."
2026-05-19,A,CLOSE,PROFIT_TARGET,-537.00,602.61,"Profit target hit. 685C 2026-06-12 | spot 602.61 | DTE 24 | profit 62%"
2026-05-19,B,CLOSE,PROFIT_TARGET,-480.00,602.61,"Profit target hit. 720C 2026-06-26 | spot 602.61 | DTE 38 | profit 61%"
2026-05-20,A,OPEN,NEW_ENTRY,1200.00,605.06,"Sell 3x 675C 2026-06-18 (29 DTE, delta 0.14), credit 4.00 start / 4.00 floor. Spot 605.06."
2026-05-20,B,OPEN,NEW_ENTRY,1050.00,605.06,"Sell 3x 705C 2026-07-02 (43 DTE, delta 0.11), credit 3.50 start / 3.50 floor. Spot 605.06."
2026-05-21,A,CLOSE,PROFIT_TARGET,-576.00,607.38,"Profit target hit. 675C 2026-06-18 | spot 607.38 | DTE 28 | profit 52%"
2026-05-21,B,CLOSE,PROFIT_TARGET,-444.00,607.38,"Profit target hit. 705C 2026-07-02 | spot 607.38 | DTE 42 | profit 58%"
2026-05-22,A,OPEN,NEW_ENTRY,1050.00,610.26,"Sell 3x 670C 2026-06-26 (35 DTE, delta 0.14), credit 3.50 start / 3.50 floor. Spot 610.26."
2026-05-22,B,OPEN,NEW_ENTRY,810.00,610.26,"Sell 3x 685C 2026-07-02 (41 DTE, delta 0.11), credit 2.71 start / 2.70 floor. Spot 610.26."
2026-06-02,A,CLOSE,PROFIT_TARGET,-438.00,597.63,"Profit target hit. 670C 2026-06-26 | spot 597.63 | DTE 24 | profit 58%"
2026-06-02,B,CLOSE,PROFIT_TARGET,-390.00,597.63,"Profit target hit. 685C 2026-07-02 | spot 597.63 | DTE 30 | profit 52%"
2026-06-03,A,OPEN,NEW_ENTRY,1170.00,622.98,"Sell 3x 690C 2026-07-02 (29 DTE, delta 0.14), credit 3.90 start / 3.90 floor. Spot 622.98."
2026-06-05,A,CLOSE,PROFIT_TARGET,-564.00,593.00,"Profit target hit. 690C 2026-07-02 | spot 593.00 | DTE 27 | profit 52%"
2026-06-08,A,OPEN,NEW_ENTRY,1395.00,585.39,"Sell 3x 660C 2026-07-10 (32 DTE, delta 0.15), credit 4.65 start / 4.65 floor. Spot 585.39."
2026-06-11,A,CLOSE,PROFIT_TARGET,-591.00,568.43,"Profit target hit. 660C 2026-07-10 | spot 568.43 | DTE 29 | profit 58%"
2026-06-12,A,OPEN,NEW_ENTRY,1185.00,566.98,"Sell 3x 635C 2026-07-10 (28 DTE, delta 0.14), credit 3.95 start / 3.95 floor. Spot 566.98."
2026-06-22,A,ROLL,TIME_STOP_ROLL,495.00,563.85,"21 DTE with < 40% profit. 635C 2026-07-10 | spot 563.85 | DTE 18 | profit 18% -> earnings-buffer roll to 640C 2026-07-17 (25 DTE, delta 0.15), net credit 1.63 start / 1.60 floor."
2026-06-25,A,CLOSE,PROFIT_TARGET,-549.00,542.87,"Profit target hit. 640C 2026-07-17 | spot 542.87 | DTE 22 | profit 63%"
2026-08-03,A,OPEN,NEW_ENTRY,2070.00,590.24,"Sell 3x 715C 2026-09-04 (32 DTE, delta 0.15), credit 6.90 start / 6.90 floor. Spot 590.24."
2026-08-03,B,OPEN,NEW_ENTRY,1860.00,590.24,"Sell 3x 765C 2026-09-18 (46 DTE, delta 0.12), credit 6.20 start / 6.20 floor. Spot 590.24."
2026-08-12,A,CLOSE,PROFIT_TARGET,-759.00,578.85,"Profit target hit. 715C 2026-09-04 | spot 578.85 | DTE 23 | profit 63%"
2026-08-12,B,CLOSE,PROFIT_TARGET,-846.00,578.85,"Profit target hit. 765C 2026-09-18 | spot 578.85 | DTE 37 | profit 55%"
2026-08-13,A,OPEN,NEW_ENTRY,2070.00,594.97,"Sell 3x 710C 2026-09-11 (29 DTE, delta 0.15), credit 6.90 start / 6.90 floor. Spot 594.97."
2026-08-13,B,OPEN,NEW_ENTRY,1740.00,594.97,"Sell 3x 765C 2026-09-25 (43 DTE, delta 0.11), credit 5.80 start / 5.80 floor. Spot 594.97."
2026-08-14,B,CLOSE,PROFIT_TARGET,-855.00,589.85,"Profit target hit. 765C 2026-09-25 | spot 589.85 | DTE 42 | profit 51%"
2026-08-17,A,CLOSE,PROFIT_TARGET,-363.00,568.97,"Profit target hit. 710C 2026-09-11 | spot 568.97 | DTE 25 | profit 83%"
2026-08-17,B,OPEN,NEW_ENTRY,1470.00,568.97,"Sell 3x 710C 2026-10-02 (46 DTE, delta 0.11), credit 4.90 start / 4.90 floor. Spot 568.97."
2026-08-18,A,OPEN,NEW_ENTRY,1665.00,543.67,"Sell 3x 640C 2026-09-18 (31 DTE, delta 0.15), credit 5.55 start / 5.55 floor. Spot 543.67."
2026-08-20,B,CLOSE,PROFIT_TARGET,-717.00,545.83,"Profit target hit. 710C 2026-10-02 | spot 545.83 | DTE 43 | profit 51%"
2026-08-21,B,OPEN,NEW_ENTRY,1365.00,549.90,"Sell 3x 670C 2026-10-02 (42 DTE, delta 0.12), credit 4.55 start / 4.55 floor. Spot 549.90."
2026-08-28,A,ROLL,TIME_STOP_ROLL,195.00,578.02,"21 DTE with < 40% profit. 640C 2026-09-18 | spot 578.02 | DTE 21 | profit 20% -> roll to 665C 2026-10-02 (35 DTE, delta 0.15), net credit 0.66 start / 0.63 floor."
2026-09-09,A,ROLL,PROXIMITY,585.00,653.69,"Spot within 2% of strike. 665C 2026-10-02 | spot 653.69 | DTE 23 | profit -363% -> roll to 670C 2026-10-09 (30 DTE, delta 0.46), net credit 2.08 start / 1.93 floor."
2026-09-11,B,CLOSE,TIME_STOP_ROLL,-5370.00,648.03,"21 DTE with < 40% profit. 670C 2026-10-02 | spot 648.03 | DTE 21 | profit -293% No credit roll available: closing."
2026-09-14,A,CLOSE,PROXIMITY,-8505.00,665.60,"Spot within 2% of strike. 670C 2026-10-09 | spot 665.60 | DTE 25 | profit -10% No credit roll available: closing."
